CDR, 4
CDR, 13
CMP, 15
CDR, 34
CDR, 44
CC, 62
CDR, 66
CC, 114
CC, 117
CC, 118
CDR, 119
CC, 123
CDR, 137
CC, 139
CDR, 164
CDR, 166
CC, 175
CDR, 179
CDR, 193
CC, 195
CDR, 197
CC, 199
CDR, 208
CC, 212
CDR, 216
CC, 224
CDR, 232
CC, 241
CDR, 244
CC, 303
CDR, 306
CC, 321
CDR, 325
CC, 327
CC, 328
CDR, 330
CDR, 335
CC, 339
CDR, 360
CC, 363
CC, 380
CDR, 421
CC, 424
CDR, 429
CDR, 462
CC, 465
CC, 499
CDR, 502
CC, 504
CDR, 514
CC, 532
CDR, 536
CC, 537
CDR, 539
CC, 540
CC, 541
CDR, 555
CDR, 556
CC, 559
CC, 601
CDR, 606
CC, 624
CDR, 629
CC, 663
CDR, 668
CDR, 702
CMP, 705
CC, 711
CC, 726
CDR, 732
CC, 744
CDR, 749
CC, 807
CDR, 815
CC, 873
CDR, 883
CT, 1058
CC, 1098
CDR, 1103
CC, 1110
CDR, 1116
CDR, 1120
CC, 1122
CDR, 1134
CC, 1141
CDR, 1149
CC, 1151
CC, 1361
CC, 1388
CDR, 1403
CC, 2317
CC, 2330
CDR, 2344
CC, 2350
CDR, 2365
CC, 2367
CDR, 2371
CC, 2504
CDR, 2514
CT, 2593
CC, 3183
LMP, 3188
CC, 3191
LMP, 3206
CC, 3211
LMP, 3215
CC, 3242
LMP, 3246
CC, 3249
CMP, 3253
CC, 3257
CMP, 3262
CC, 3266
CC, 3447
CDR, 3457
CC, 3460
CC, 3768
CDR, 3775
CC, 3778
CC, 3864
CMP, 3887
CC, 3895
CC, 5349
CDR, 5354
CC, 5357
CDR, 5360
LMP, 5367
CC, 5372
CC, 5475
CC, 5543
CDR, 5547
CC, 5551
CDR, 5559
CC, 5562
CC, 5591
CDR, 5606
CC, 5673
CC, 5695
CDR, 5700
CMP, 5703
CC, 5705
CMP, 5828
CC, 5831
CMP, 5851
CC, 5944
CDR, 5969
CC, 5973
CDR, 5978
CDR, 5994
CC, 6006
CDR, 6013
CDR, 6093
CC, 6099
CDR, 6108
CC, 6133
CDR, 6138
CC, 6142
CDR, 6144
CC, 6151
CDR, 6156
CC, 6162
CDR, 6168
CC, 6183
CDR, 6187
CC, 6216
CDR, 6220
CC, 6237
CDR, 6244
CDR, 6257
CC, 6259
CMP, 6266
CC, 6270
CMP, 6323
CC, 6363
CMP, 6369
CC, 6385
CC, 6426
CDR, 6436
CC, 6439
CDR, 6448
CC, 6642
CDR, 6645
CC, 6649
CDR, 6669
CC, 6676
CC, 6830
CMP, 6834
CC, 6836
CMP, 6874
CC, 6878
CC, 7757
CC, 7785
CT, 7803
CT, 7812
CT, 7823
MSFN, 7827
CT, 7829
CT, 7831
CT, 7834
CT, 7839
CT, 7841
CT, 7851
CC, 7856
CDR, 7864
CC, 7866
CDR, 7955
CC, 7959
CC, 8123
CDR, 8135
CC, 8744
CDR, 8749
CC, 8753
CC, 8798
CMP, 8805
CC, 8808
CC, 9011
CDR, 9016
CC, 9018
CDR, 9042
CC, 9140
LMP, 9148
CC, 9154
CC, 9162
CDR, 9174
CC, 9441
CDR, 9446
CC, 9452
CDR, 9458
CC, 9461
CMP, 9468
CC, 9470
CC, 9620
CDR, 9630
CC, 9634
CC, 9798
CMP, 9805
CMP, 9859
CC, 9867
CC, 9914
CDR, 9923
CC, 9986
CDR, 9992
CC, 10074
CDR, 10084
CC, 10158
CDR, 10162
CC, 10236
CC, 10254
LMP, 10281
CC, 10288
CC, 10291
CDR, 10383
CC, 10387
CDR, 10410
CC, 10418
CDR, 10424
CC, 10427
CC, 10449
CDR, 10473
CC, 10486
CDR, 10495
CC, 10518
CDR, 10528
CC, 11128
CC, 11341
CC, 11356
CDR, 11371
CC, 11377
CDR, 11390
CC, 11394
CC, 11648
CDR, 11659
CC, 11666
CDR, 11819
CC, 11822
CDR, 11829
CC, 11832
CDR, 11852
CC, 11860
CDR, 11865
CC, 11872
CC, 12127
CC, 12236
CC, 12253
CC, 12349
CC, 12407
CC, 12474
CC, 12491
CC, 12560
CDR, 12564
CC, 12566
CDR, 12575
CC, 12584
CDR, 12588
LMP, 12589
CC, 12591
LMP, 12600
CC, 12605
CMP, 12612
CC, 12615
CMP, 12619
CDR, 12624
CC, 12628
CDR, 12630
CC, 12760
CDR, 12764
CC, 12766
CC, 12800
CDR, 12810
CC, 12819
CC, 13071
CMP, 13076
CC, 13078
CMP, 13087
CC, 13133
CMP, 13425
CC, 13427
CMP, 13430
CC, 13456
CMP, 13495
CMP, 13517
CC, 13523
CMP, 13525
CDR, 13669
CC, 13681
LMP, 13708
CC, 13712
LMP, 13715
CC, 13723
CMP, 13747
CC, 13751
CMP, 13760
CC, 13773
CMP, 13777
CC, 13780
CMP, 13811
CC, 13814
CC, 13829
CDR, 13844
CC, 13848
CDR, 13850
CC, 13873
CC, 14007
LMP, 14232
CC, 14236
CC, 14343
LMP, 14352
LMP, 14360
CC, 14364
CC, 14483
CC, 14526
CC, 14545
LMP, 14551
CC, 14562
LMP, 14572
CC, 14576
LMP, 14621
CC, 14667
CDR, 15213
CC, 15216
CDR, 15217
CC, 15222
CDR, 15225
CC, 15239
CDR, 15398
CC, 15405
CDR, 15408
CDR, 15433
CC, 15438
CC, 15466
CDR, 15477
CC, 15482
CC, 16096
CMP, 16101
CC, 16103
CMP, 16115
CMP, 16125
CC, 16129
CC, 16660
CMP, 16842
CC, 16861
CMP, 16882
CC, 16884
CMP, 16893
CC, 16897
CMP, 16902
CC, 16906
CDR, 16907
CC, 16911
CDR, 16914
CC, 16917
CDR, 16930
CC, 17027
CDR, 17034
CDR, 17041
CDR, 17044
CDR, 17046
CDR, 17047
CC, 17052
CDR, 17056
CMP, 17133
CC, 17139
CMP, 17145
CC, 17148
CMP, 17175
CC, 17183
CMP, 17204
CC, 17209
CC, 17373
CMP, 17376
CC, 17378
CMP, 17389
CC, 17397
CC, 17453
CDR, 17478
CC, 17479
CDR, 17539
CC, 17604
CMP, 17608
CC, 17611
CMP, 17623
CC, 17629
CMP, 17855
CC, 17868
CMP, 17906
CC, 18048
CDR, 18051
CC, 18053
CMP, 18074
CC, 18081
CC, 18102
CMP, 18114
CC, 18124
CC, 18199
CC, 18306
CMP, 18310
LMP, 18313
CC, 18318
CC, 18778
CDR, 18783
CC, 18785
CDR, 18799
CC, 18801
LMP, 18806
CC, 18831
LMP, 18865
CC, 18886
SC, 18895
CC, 18899
LMP, 18933
CDR, 18949
CC, 18962
CC, 18973
CDR, 18983
CC, 19161
CMP, 19173
CC, 19175
CMP, 19187
CC, 19189
CC, 19200
CMP, 19212
CC, 19217
CMP, 19231
CC, 19236
CMP, 19240
CC, 19242
CMP, 19247
CMP, 19254
CC, 19258
CDR, 19421
CC, 19424
CDR, 19428
CC, 19435
CDR, 19445
CC, 19465
CDR, 19473
CC, 19483
CDR, 19489
CC, 19698
LMP, 19702
CC, 19704
CMP, 19722
CC, 19724
CMP, 20127
CC, 20131
CMP, 20134
CC, 20182
CMP, 20189
CC, 20193
CMP, 20202
CC, 20204
CMP, 20207
CC, 20210
CC, 20251
CMP, 20263
CC, 20265
CMP, 20372
CC, 20381
CMP, 20383
CC, 20495
CMP, 20505
CC, 20512
CMP, 20523
CC, 20605
LMP, 20613
CMP, 20657
CMP, 20697
LMP, 20727
CC, 20731
LMP, 20757
CC, 20767
CDR, 21515
CC, 21518
CDR, 21520
CC, 21528
CDR, 21531
CC, 21533
CC, 21558
CDR, 21590
CC, 21595
CDR, 21602
CC, 22157
CMP, 22171
CC, 22182
CC, 22763
CMP, 22770
CC, 22773
CC, 22899
CMP, 22905
CC, 22916
LMP, 23125
LMP, 23145
CC, 23146
LMP, 23147
CC, 23151
LMP, 23168
CC, 23172
LMP, 23173
CC, 23175
LMP, 23202
CC, 23211
LMP, 23220
CMP, 23670
CC, 23676
CMP, 23679
CC, 23684
CMP, 23690
CC, 23701
CC, 23775
CMP, 23783
CC, 23786
CMP, 23787
CC, 23817
CMP, 23821
CMP, 23926
CC, 23931
CC, 24022
CMP, 24034
CC, 24047
CMP, 24069
CC, 24074
CMP, 24082
CMP, 24175
CC, 24180
CC, 24226
CMP, 24231
CC, 24233
CMP, 24279
CC, 24281
CMP, 24515
CC, 24520
CC, 24540
CMP, 24547
LMP, 24821
CC, 24823
LMP, 24825
CC, 24830
CC, 24950
LMP, 24965
CC, 24970
CMP, 24977
CC, 24991
CC, 25041
CMP, 25056
CMP, 25108
CC, 25112
CMP, 25127
CC, 25135
CMP, 25412
CC, 25425
CC, 25764
CC, 25795
CMP, 25830
CC, 25834
CC, 25841
CC, 25865
CMP, 25875
CMP, 26456
CC, 26465
CC, 26481
CMP, 26486
CC, 26489
CMP, 26492
CC, 26505
CMP, 26509
CMP, 27180
CC, 27181
CMP, 27183
CC, 27197
CMP, 27201
CC, 27228
CMP, 27233
CC, 27234
CMP, 27249
CC, 27261
CMP, 27289
CC, 27298
CMP, 27300
CC, 27303
CMP, 27304
CC, 27316
LMP, 27331
CC, 27336
LMP, 27340
CC, 27342
CMP, 27358
CC, 27375
CMP, 27391
CC, 27398
CMP, 27804
CC, 27806
CMP, 27808
CC, 27824
CMP, 27827
CC, 27914
CMP, 27921
CC, 27926
CMP, 27935
CC, 27990
CMP, 28005
CMP, 28075
CC, 28083
CMP, 28090
CC, 28098
CMP, 28108
CC, 28120
CMP, 28131
CC, 28134
CMP, 28299
CC, 28301
CC, 28329
CMP, 28336
CMP, 28375
CC, 28381
CMP, 28381
CMP, 28469
CC, 28474
CMP, 28483
CMP, 28520
CC, 28523
CMP, 28528
CC, 28531
CC, 28567
CMP, 28574
CMP, 28682
CC, 28686
CC, 28701
CMP, 28725
CC, 28737
CMP, 28741
CMP, 28927
CC, 28940
CMP, 28960
CC, 28970
CMP, 28972
CC, 29004
CMP, 29033
CMP, 29048
CC, 29054
CMP, 29108
CC, 29113
CC, 29145
CMP, 29152
CC, 29305
CMP, 29318
CC, 29336
CMP, 29343
CC, 29460
CMP, 29473
CC, 29635
CMP, 29642
CC, 30284
CDR, 30319
CC, 30331
CDR, 30336
CC, 30343
CDR, 30349
CC, 30942
CMP, 30962
CC, 31279
CDR, 31289
CC, 31297
CMP, 31987
CC, 31992
CMP, 31995
CC, 32009
CC, 32459
CMP, 32466
CC, 33370
CC, 33491
CMP, 33505
CC, 33514
CMP, 33677
CC, 33679
CC, 33698
CMP, 33760
CC, 33763
CMP, 33766
CC, 33771
CMP, 33778
CC, 33781
CMP, 34556
CC, 34559
CMP, 34561
CC, 34565
CMP, 34568
CC, 34581
CC, 34598
CMP, 34604
CMP, 34834
CC, 34846
CC, 34856
CMP, 34867
CC, 34906
CDR, 34934
CC, 34939
CC, 35573
CDR, 35586
CC, 35589
CDR, 35591
CC, 35594
CDR, 35597
CC, 35599
LMP, 36209
CC, 36214
LMP, 36221
CDR, 36226
CC, 36234
LMP, 36238
LMP, 36333
CC, 36340
LMP, 36345
CC, 36357
CC, 36360
LMP, 36374
LMP, 36406
CC, 36416
CC, 36420
LMP, 36427
CC, 36441
CMP, 36448
CMP, 36469
CC, 36471
CC, 36531
CMP, 36541
CC, 37228
CMP, 37233
CDR, 37311
CC, 37313
CDR, 37316
CC, 37332
CC, 37370
CC, 37556
CDR, 37574
CC, 37576
CC, 37591
LMP, 37605
CC, 37615
LMP, 37625
CC, 37634
LMP, 37646
CC, 37649
CC, 37859
CDR, 37887
CC, 37892
CDR, 37895
CC, 37904
CDR, 37944
CC, 37956
CC, 38014
CDR, 38024
CC, 38034
CDR, 38040
CC, 38044
CDR, 38050
CC, 38051
CDR, 38052
CC, 38060
CDR, 38075
CC, 38080
CDR, 38083
CC, 38089
CDR, 38095
CC, 38126
CDR, 38142
CC, 38151
CDR, 38154
CC, 38155
CC, 38184
CC, 38225
CC, 38266
CMP, 38285
CC, 38286
CMP, 38289
CC, 38301
CMP, 38327
CC, 38328
CMP, 38335
CMP, 38376
CC, 38385
CC, 38401
CMP, 38411
CDR, 38412
CC, 38448
CDR, 38470
CC, 38524
CMP, 38539
CC, 38543
CDR, 38549
CC, 38818
LMP, 38835
CC, 38845
LMP, 38849
CC, 38850
LMP, 38855
CC, 38878
CDR, 38894
CC, 39452
CDR, 39461
CDR, 39499
CC, 39504
LMP, 39539
CC, 39544
CC, 39561
LMP, 39568
CC, 39569
LMP, 39661
CC, 39694
CDR, 39754
CC, 39762
CMP, 39785
CC, 39790
CC, 39797
CDR, 39836
CC, 39981
CMP, 40038
CC, 40041
CMP, 40048
CC, 40062
CMP, 40066
CC, 40192
LMP, 40200
CC, 40202
LMP, 40227
CC, 40247
LMP, 40256
CC, 40384
CDR, 40394
CDR, 40688
CC, 40713
CDR, 40725
CMP, 40729
CC, 40771
CMP, 40793
CC, 40797
CC, 45394
CMP, 45403
CC, 45960
LMP, 45965
CC, 45968
LMP, 45990
CC, 45996
LMP, 46001
CC, 82215
CDR, 82221
CC, 82224
CC, 82232
LMP, 82315
CC, 82318
LMP, 82322
CC, 82330
LMP, 82393
LMP, 82417
CC, 82420
LMP, 82456
CC, 82465
LMP, 82506
CC, 82509
CC, 82608
LMP, 82619
CC, 82634
LMP, 82643
CC, 82744
CMP, 82750
CC, 82752
CMP, 82760
CC, 82804
CMP, 82859
CMP, 82868
CC, 82897
CC, 82906
CMP, 82910
CC, 82916
LMP, 83205
CC, 83211
CMP, 83215
CC, 83240
CMP, 83249
CC, 83262
CMP, 83271
CC, 83278
CC, 83433
CMP, 83439
CC, 83441
CMP, 83472
CC, 83474
CC, 83649
CDR, 83660
CC, 83663
CDR, 83887
CC, 83907
CDR, 83920
CC, 86223
CDR, 86228
CC, 86230
CDR, 86240
CMP, 86242
CC, 86245
CMP, 86381
CC, 86389
CMP, 86530
CC, 86531
CMP, 86533
CC, 86567
CMP, 86577
CC, 86629
CMP, 86665
CMP, 87056
CC, 87061
CMP, 87063
CC, 87073
CMP, 87083
CC, 87086
CMP, 87303
CC, 87311
CMP, 87314
CC, 87372
CMP, 87382
CC, 87385
CMP, 87396
CC, 87418
CDR, 87429
CMP, 87442
CDR, 87454
CC, 87470
CMP, 87481
CC, 87486
CMP, 87493
CC, 87521
CMP, 87536
CC, 87545
CC, 87591
CMP, 87599
CC, 87631
CDR, 87647
CC, 87655
CMP, 87833
CC, 87836
CMP, 87840
CC, 87863
CMP, 87873
CC, 87877
CMP, 87906
CC, 87908
CMP, 88165
CC, 88173
CMP, 88180
CC, 88193
CMP, 88207
CC, 88218
CMP, 88223
CC, 88224
CC, 88254
CMP, 88273
CC, 88279
CMP, 88282
CMP, 88317
CC, 88333
CMP, 88339
CC, 88342
CMP, 88867
CC, 88880
CMP, 88883
CC, 88889
CMP, 88900
CC, 88936
CC, 88967
CMP, 88975
CC, 88984
CMP, 89135
CC, 89154
CMP, 89159
CC, 89239
CMP, 89243
CC, 89245
CMP, 89284
SC, 89639
CC, 90414
CMP, 90421
CC, 90425
CC, 90674
CMP, 90677
CC, 90681
CDR, 90696
CC, 90699
CDR, 90708
CC, 90713
CMP, 90816
CC, 90821
CMP, 90823
CC, 90840
CMP, 90856
CC, 90861
CMP, 91099
CC, 91114
CDR, 91229
CMP, 92168
CC, 92174
CMP, 92182
CC, 92625
CMP, 92634
CC, 92636
CMP, 92641
CC, 92687
CC, 92894
CMP, 92901
CC, 92904
CMP, 92920
CC, 92924
CMP, 92930
CMP, 92955
CC, 92960
CMP, 93072
CC, 93110
CMP, 93139
CC, 93166
CC, 93242
CMP, 93248
CC, 93249
CMP, 93263
CC, 93267
CC, 93577
LMP, 93581
CC, 93583
LMP, 93592
CC, 93598
LMP, 93631
CC, 93635
CC, 93829
LMP, 93834
CMP, 94037
CC, 94041
CMP, 94044
CC, 94053
CMP, 94063
CC, 94071
CMP, 94082
CC, 94087
CC, 94125
CMP, 94129
CC, 94131
CMP, 94176
CC, 94191
CMP, 94205
CC, 94210
CMP, 94219
CC, 94238
LMP, 94339
CC, 94342
LMP, 94346
CC, 94350
CMP, 94356
CC, 94358
CDR, 95909
CC, 95915
CC, 95924
CDR, 95930
CDR, 95943
CC, 95945
CDR, 95968
CC, 95970
CDR, 95976
CDR, 96338
CC, 96340
CDR, 96360
CC, 96373
CC, 96398
CDR, 96401
CC, 96410
CDR, 96416
CC, 96591
LMP, 96600
CC, 96602
LMP, 96604
CC, 96606
CDR, 96664
CC, 96675
CDR, 96683
CC, 96881
CMP, 96885
CC, 96887
CMP, 96910
CC, 96915
CMP, 96935
CC, 96940
CMP, 96953
CC, 96955
CDR, 96968
CC, 96974
CDR, 96979
CC, 96981
CDR, 97020
CC, 97025
CC, 97161
LMP, 97166
CC, 97167
LMP, 97179
CC, 97181
CC, 97574
CDR, 97579
CC, 97581
CDR, 97592
CC, 97595
CDR, 97599
CMP, 97616
CC, 97621
CMP, 97630
CC, 97634
CMP, 97649
CMP, 97655
CC, 97662
CMP, 97983
CC, 97988
CC, 98015
CMP, 98018
CC, 98020
CMP, 98029
CMP, 98064
CC, 98068
CC, 98095
CMP, 98100
CC, 98102
CMP, 98124
CDR, 98130
CMP, 98132
CC, 98135
LMP, 98142
CC, 98144
LMP, 98170
LMP, 98229
CC, 98283
LMP, 98292
CDR, 98294
CC, 98299
LMP, 98307
LMP, 98333
CC, 98355
LMP, 98366
CC, 98416
LMP, 98510
CC, 98514
LMP, 98516
CC, 98561
LMP, 98577
CC, 98580
CC, 98727
CMP, 98732
CC, 98738
CMP, 98743
CC, 98774
LMP, 98779
CC, 98780
CMP, 98784
LMP, 98817
CC, 98823
LMP, 98826
CC, 98845
CC, 98867
LMP, 98871
CC, 98884
CMP, 98886
CMP, 98890
LMP, 98891
CC, 98893
CMP, 98897
CC, 98910
CDR, 98923
LMP, 98928
CDR, 98933
CC, 98968
CDR, 98980
LMP, 98990
CMP, 99016
CC, 99049
LMP, 99054
CC, 99064
LMP, 99072
CMP, 99077
CMP, 99109
CC, 99116
CC, 99120
CMP, 99124
CMP, 99359
CC, 99366
CMP, 99649
CC, 100042
CDR, 100047
CC, 100049
CDR, 100066
CDR, 100117
CC, 100121
CDR, 100180
CC, 100202
CDR, 100216
CC, 100220
CDR, 100369
CC, 100377
CDR, 100382
CC, 100388
CDR, 100393
CC, 100395
CDR, 100416
CMP, 101236
CC, 101238
CMP, 101241
CC, 101275
CMP, 101281
LMP, 101289
CC, 101294
CC, 102633
LMP, 102969
CC, 102975
LMP, 102998
CC, 102999
LMP, 103025
CC, 103030
LMP, 103043
CC, 103070
CC, 103123
LMP, 103146
CC, 103148
LMP, 103161
CC, 103172
LMP, 103173
CC, 103181
LMP, 103189
CC, 103191
LMP, 103197
CC, 103230
CC, 103287
CDR, 103291
CC, 103292
CDR, 103323
CMP, 103324
CC, 103328
CMP, 103335
CC, 103336
CMP, 103351
CC, 106329
CDR, 106333
CC, 106334
CDR, 106374
CC, 106379
CDR, 106400
CC, 106401
CDR, 106418
CC, 106439
CDR, 106449
CC, 106460
CC, 107895
CDR, 107902
CC, 107903
CDR, 107967
CC, 107985
CDR, 108010
CDR, 108751
CC, 108756
CC, 108934
CDR, 108941
CC, 108942
CDR, 108978
CC, 108981
CDR, 109017
CC, 109025
CC, 109768
CDR, 109774
CC, 109779
CDR, 109794
CC, 109799
CDR, 109803
CC, 109806
CC, 109824
CT, 109842
CC, 109845
CC, 109851
CDR, 109860
CC, 109864
CDR, 109866
CC, 109867
CDR, 109872
CC, 109882
CC, 109886
CT, 109889
CC, 109891
CT, 109894
CC, 109898
CT, 109918
CC, 109929
CT, 109931
CC, 109939
CT, 109945
CC, 109948
CT, 109951
CC, 109954
CC, 109956
CDR, 109969
CC, 109971
CDR, 109977
CC, 109981
CMP, 111071
CC, 111074
CMP, 111078
CC, 111080
CMP, 111085
CC, 111087
CMP, 111093
CC, 111104
CC, 111132
CMP, 111138
CC, 111146
CMP, 111151
CC, 111156
CMP, 111178
CMP, 111185
CC, 111199
CMP, 111209
CDR, 111211
CC, 111228
CMP, 111236
CMP, 111267
CC, 111272
CMP, 111480
CC, 111483
LMP, 111487
CC, 111507
LMP, 111509
CC, 111531
CT, 111537
CC, 111538
CT, 111545
LMP, 111554
CC, 111560
CMP, 111568
CC, 111574
CT, 111580
CC, 111582
CT, 111583
CC, 111586
CC, 111591
LMP, 111602
CC, 111606
CC, 111613
CT, 111619
CT, 111661
CC, 111664
CT, 111665
CC, 111670
CC, 111722
LMP, 111744
CC, 111750
LMP, 111755
CC, 111764
CC, 111810
LMP, 111827
CC, 111832
CC, 111912
LMP, 111924
CC, 111926
CC, 112040
LMP, 112061
CC, 112064
LMP, 112070
CC, 112398
CMP, 112406
CC, 112408
CMP, 112412
CC, 112417
CMP, 112424
CMP, 112463
CC, 112467
CC, 112487
CMP, 112502
CC, 112521
CMP, 112525
CC, 112728
CDR, 112741
CC, 112744
CDR, 112745
CC, 112747
CDR, 112773
CC, 112777
CDR, 112782
CC, 112831
CDR, 112838
LMP, 112945
CC, 112953
CMP, 112980
CC, 112984
LMP, 113118
CC, 113124
LMP, 113128
CC, 113133
LMP, 113134
CC, 113147
LMP, 113159
CC, 113204
LMP, 113211
CC, 113218
CC, 113229
LMP, 113245
CC, 113259
CC, 116698
LMP, 116716
CC, 116723
LMP, 116742
CC, 116748
LMP, 116789
CC, 116806
CMP, 116821
CC, 116866
CMP, 116870
LMP, 116946
CC, 116951
LMP, 116968
CC, 116972
LMP, 117070
CC, 117129
CMP, 117137
CC, 117186
CMP, 117193
CC, 117194
CMP, 117216
CC, 117225
CMP, 117238
CC, 117240
CC, 117551
CMP, 117558
CC, 117560
CMP, 117613
CC, 117614
CMP, 117633
CC, 117638
CMP, 117794
CC, 117803
LMP, 117960
CC, 117964
LMP, 117968
CC, 117991
LMP, 118002
LMP, 118157
CC, 118166
LMP, 118189
LMP, 118204
CC, 118216
LMP, 118226
CC, 118228
LMP, 118229
CC, 118248
LMP, 118258
CC, 118263
LMP, 118267
CC, 118308
LMP, 118316
CC, 118342
LMP, 118347
LMP, 118359
CC, 118361
LMP, 118367
CC, 118396
LMP, 118409
LMP, 118428
CC, 118433
LMP, 118438
CC, 118442
CC, 121064
CMP, 121068
CC, 121070
CMP, 121097
CC, 121100
CMP, 121126
CDR, 121677
CC, 121682
CC, 121951
LMP, 121971
CC, 121976
LMP, 121989
CC, 121992
CMP, 121997
CC, 122001
CDR, 122005
CC, 122007
CC, 122351
CC, 122385
CDR, 122392
CC, 122406
CC, 122476
CDR, 122491
CC, 122624
CDR, 122653
CC, 122693
CDR, 122726
CC, 122735
CC, 122742
CC, 122769
CDR, 122771
CC, 122778
CDR, 122791
CC, 122823
CDR, 122841
CC, 122870
CDR, 122883
CC, 122892
CC, 122917
CC, 122923
CDR, 122933
CC, 122938
CDR, 122941
CC, 122972
LMP, 122987
CDR, 122990
CC, 123003
CC, 123011
CC, 123024
CDR, 123036
CC, 123047
CC, 123051
CDR, 123066
CC, 123068
CC, 123151
CDR, 123165
CC, 123170
CC, 123176
CDR, 123190
CC, 123191
CC, 123194
CC, 123204
CMP, 123205
CC, 123214
CMP, 123224
CC, 123245
CMP, 123254
CC, 123258
CMP, 123265
CC, 123305
CMP, 123335
CC, 123340
CMP, 123350
CC, 123357
CMP, 123369
CC, 123379
CMP, 123391
CC, 123395
CMP, 123407
CC, 123419
CMP, 123433
CC, 123435
CMP, 123438
CC, 123465
CMP, 123478
CC, 123487
CMP, 123500
CC, 123507
LMP, 123508
CC, 123559
CC, 123601
CMP, 123619
LMP, 123641
CC, 123652
LMP, 123684
CC, 123690
CMP, 123725
CC, 123734
CC, 123758
CMP, 123763
CC, 123784
CMP, 123791
CC, 123826
CMP, 123836
CC, 123840
CMP, 123841
CC, 123845
CMP, 123850
CC, 123864
CC, 123876
CMP, 123884
CC, 123900
CMP, 123929
CC, 123933
LMP, 123939
CC, 123949
LMP, 123957
CC, 123959
CMP, 123991
CC, 123997
CC, 124002
CMP, 124011
CMP, 124021
CC, 124042
CMP, 124057
CC, 124060
CC, 124072
CC, 124093
CMP, 124121
CC, 124124
CC, 124163
CC, 124196
CMP, 124205
CC, 124208
CMP, 124212
CC, 124216
CC, 124239
CMP, 124292
CC, 124298
CMP, 124303
CMP, 124313
CC, 124320
CMP, 124332
CC, 124335
CMP, 124348
CC, 124356
CC, 124371
CC, 124376
CMP, 124389
CC, 124454
SC, 124469
CC, 124471
CDR, 124475
CC, 124490
CMP, 124522
CC, 124524
CMP, 124529
CC, 124549
CDR, 124560
CMP, 124603
CC, 124611
CMP, 124614
CC, 124618
CMP, 124624
CMP, 124633
CC, 124636
CC, 124902
LMP, 124907
CC, 124909
LMP, 124930
CC, 124936
CC, 125597
LMP, 125606
CMP, 125998
CC, 126003
CMP, 126009
CC, 126021
LMP, 126039
CC, 126043
CDR, 126069
CC, 126075
CDR, 126082
CC, 126084
CDR, 126091
CMP, 126101
CC, 126108
CC, 126115
CMP, 126123
CC, 126467
LMP, 126472
CC, 126473
CMP, 126517
CC, 126524
CMP, 126528
CC, 126530
CMP, 126536
LMP, 126571
CC, 126574
LMP, 126581
CC, 126582
LMP, 126761
CC, 126764
LMP, 126778
CC, 126852
LMP, 126860
CC, 126862
CMP, 126878
CC, 126888
CC, 127066
CMP, 127071
CC, 127073
CMP, 127098
CC, 127111
CMP, 127213
CC, 127221
CMP, 127244
CC, 127250
CMP, 127254
CC, 127542
CMP, 127548
CC, 127549
CMP, 127569
CMP, 127575
CC, 127583
CC, 127647
CMP, 127660
CMP, 127680
CC, 127688
CMP, 127722
CC, 127725
CMP, 127729
CC, 127733
CMP, 127738
CC, 127784
CMP, 127790
CC, 127842
CDR, 127850
CC, 127853
CC, 128033
CMP, 128042
CC, 128044
CC, 128208
CDR, 128227
CC, 128335
CDR, 128349
CC, 128394
LMP, 128406
CC, 128417
LMP, 128426
CC, 128437
LMP, 128439
CC, 128448
CMP, 128586
CC, 128589
CMP, 128593
CC, 128597
CC, 128608
CMP, 128614
CC, 128628
CC, 128704
CMP, 128711
CC, 128716
CMP, 128718
CC, 128722
CC, 129426
CMP, 129431
CC, 129433
CMP, 129483
CC, 129490
CMP, 129506
CMP, 129662
CC, 129666
CC, 129711
CMP, 129719
CC, 129725
CMP, 129734
CC, 129744
CMP, 129752
CMP, 129773
CC, 129780
CMP, 129785
CC, 129788
CC, 129842
LMP, 129847
CC, 129866
LMP, 129877
LMP, 129924
CC, 129930
LMP, 129938
CC, 129942
LMP, 129949
CC, 129967
LMP, 129970
CC, 129988
LMP, 130011
CC, 130016
CC, 130076
LMP, 130087
CC, 130102
CC, 130106
LMP, 130112
CC, 130140
CMP, 130155
LMP, 130172
CC, 130179
CC, 130805
CMP, 130821
CC, 132726
CMP, 132730
CC, 132732
CMP, 132788
CC, 132791
CC, 173340
LMP, 173348
CC, 173350
LMP, 173359
LMP, 173374
CC, 173387
LMP, 173394
CC, 173399
LMP, 173408
CC, 173413
CMP, 173437
CC, 173440
CMP, 173453
CC, 173456
CMP, 173463
CC, 173465
CC, 173501
LMP, 173534
CC, 173537
CMP, 173632
CC, 173637
LMP, 173644
CC, 173666
CC, 173712
LMP, 173717
CC, 173720
CC, 173797
CC, 173828
LMP, 173835
CC, 173837
LMP, 173843
LMP, 173849
CC, 173876
CC, 173933
LMP, 173942
CC, 173944
LMP, 173952
CC, 173953
LMP, 173988
CC, 173993
LMP, 174000
CC, 174002
LMP, 174054
CC, 174067
LMP, 174084
CC, 174090
CMP, 174174
CC, 174182
LMP, 174755
CC, 174837
LMP, 174858
CC, 174873
LMP, 174884
CC, 174889
CC, 175022
LMP, 175037
CC, 175046
LMP, 175094
CC, 175105
LMP, 175124
CC, 175126
LMP, 175374
CC, 175538
LMP, 175555
CC, 175584
LMP, 175599
CC, 175603
LMP, 175604
CC, 175610
LMP, 175620
CC, 175634
LMP, 175640
CC, 175719
CMP, 175726
CC, 175728
CMP, 175759
CC, 175761
CMP, 175784
CC, 175802
CMP, 175813
CC, 175817
LMP, 176196
CC, 176210
LMP, 176222
CC, 176242
LMP, 176251
CC, 176255
CMP, 176261
CC, 176292
LMP, 178838
LMP, 178867
CC, 178869
CC, 178878
LMP, 178880
CC, 178882
LMP, 178884
CC, 178905
CC, 178960
LMP, 178997
CC, 179004
CC, 182459
CDR, 182467
CC, 182470
CDR, 182475
CC, 182484
CDR, 182494
CC, 184155
LMP, 184162
CC, 184164
LMP, 184178
CC, 184181
CC, 184364
LMP, 184374
CC, 184590
CC, 184686
LMP, 184698
CC, 184703
CC, 185795
CC, 185876
CDR, 185883
CC, 185885
CDR, 185897
CC, 185903
LMP, 187163
CC, 187172
LMP, 187181
CC, 187202
LMP, 187217
CC, 187222
LMP, 187229
CMP, 190709
CC, 190712
CMP, 190718
CC, 190723
CMP, 190728
CC, 190755
CMP, 190762
CC, 193896
CMP, 193902
CC, 193905
CMP, 193911
CC, 193917
CDR, 193922
CC, 193923
CMP, 193955
CC, 193960
CMP, 193966
CC, 193968
CC, 194091
CMP, 194097
CC, 194099
CMP, 194100
CC, 194103
CC, 194199
CMP, 194268
CC, 194271
CMP, 194275
CC, 194280
CMP, 194284
CC, 194293
LMP, 194300
CC, 194304
CMP, 194307
CC, 194310
CMP, 194320
CC, 194354
CMP, 194363
CC, 194384
CC, 196332
CC, 196462
CDR, 196472
CC, 196473
CDR, 196518
CC, 196529
LMP, 196534
CC, 196546
CC, 196754
CDR, 196760
CC, 196761
CMP, 196772
CC, 196775
CMP, 196836
CC, 196841
CMP, 196973
CC, 196986
CC, 197000
CMP, 197032
CC, 197034
CC, 197052
CMP, 197060
CC, 197078
CMP, 197086
CC, 197098
CC, 197216
CMP, 197226
CC, 197232
CMP, 197234
CC, 197237
CMP, 197391
CC, 197399
CMP, 197408
CMP, 197506
CC, 197510
CMP, 197515
CC, 197523
CMP, 197538
CMP, 197555
CC, 197560
CC, 197586
CMP, 197596
CC, 197607
CMP, 197617
CC, 197626
CMP, 197630
CC, 197640
CMP, 197648
CMP, 197701
CC, 197708
CMP, 197714
CMP, 197726
CC, 197732
CC, 197751
CMP, 197770
CMP, 197779
CC, 197808
CC, 197812
CMP, 197821
CC, 197838
CMP, 197849
CC, 197858
CMP, 197867
CC, 197875
CMP, 197880
CMP, 197886
CC, 197890
CMP, 197892
CMP, 197911
CC, 197916
CMP, 197922
CMP, 198122
CC, 198137
CC, 198140
CMP, 198155
CC, 198156
CC, 198274
CMP, 198285
CC, 198598
CMP, 198613
CC, 198617
CC, 199189
CMP, 199194
CDR, 199195
CC, 199198
CDR, 199203
CC, 199210
CDR, 199221
SC, 199222
CC, 199224
CDR, 199232
CC, 199235
CC, 199257
CDR, 199264
CMP, 199265
CDR, 199266
CC, 199271
CDR, 199287
CC, 199293
CC, 199298
CC, 199320
CDR, 199331
CC, 199334
CDR, 199342
CDR, 199384
CC, 199386
CC, 199447
CC, 199475
CDR, 199483
CMP, 199484
CC, 199494
LMP, 199520
CC, 199527
CC, 199588
LMP, 199599
CC, 199601
LMP, 199616
CC, 199621
CMP, 199662
CC, 199668
CMP, 199675
CC, 199677
CC, 199725
CDR, 199733
CC, 199740
CC, 199748
CDR, 199762
CC, 199770
CMP, 199805
CC, 199812
CC, 199845
LMP, 199853
CC, 199857
CC, 199871
LMP, 199895
CC, 199897
LMP, 199906
CC, 199914
CC, 199988
CDR, 199996
CDR, 200004
CC, 200014
CC, 200037
LMP, 200054
CMP, 200123
CC, 200126
CMP, 200133
LMP, 200134
CC, 200170
LMP, 200178
CMP, 200180
CC, 200183
CMP, 200192
CC, 200198
CC, 200228
CC, 200247
LMP, 200248
CC, 200250
CC, 200273
CC, 200315
LMP, 200322
CC, 200326
CC, 200354
CMP, 200367
CC, 200390
LMP, 200400
CC, 200405
LMP, 200415
CC, 200422
LMP, 200431
CC, 200433
CC, 200445
CC, 200473
CC, 200493
CC, 200506
LMP, 200515
CC, 200538
LMP, 200548
CC, 200554
LMP, 200562
CC, 200566
LMP, 200578
CC, 200604
CC, 200616
LMP, 200617
CC, 200624
LMP, 200648
CC, 200656
CDR, 200669
CC, 200683
LMP, 200705
CC, 200711
LMP, 200713
CC, 200744
LMP, 200758
CC, 200772
CC, 200778
LMP, 200819
CC, 200824
CC, 200837
LMP, 200843
LMP, 200850
CC, 200855
LMP, 200856
CC, 200859
CC, 200884
LMP, 200896
CC, 200920
LMP, 201001
CC, 201007
CC, 201058
LMP, 201069
CC, 201077
LMP, 201135
CC, 201143
LMP, 201144
LMP, 201160
CC, 201175
CMP, 201181
CC, 201184
LMP, 201187
CC, 201188
LMP, 201189
LMP, 201194
CC, 201205
LMP, 201248
CC, 201254
LMP, 201257
CC, 201263
CMP, 201270
CC, 201276
CC, 201304
LMP, 201317
LMP, 201352
CC, 201361
CC, 201379
LMP, 201392
LMP, 201398
CC, 201402
CC, 201409
LMP, 201418
CC, 201434
CC, 201465
LMP, 201543
CC, 201551
LMP, 201562
CC, 201578
CC, 201581
LMP, 201588
CC, 201595
CC, 201628
LMP, 201642
CC, 201716
CC, 201734
CC, 201744
CC, 201778
CC, 201807
LMP, 201814
CC, 201815
LMP, 201816
CC, 201817
LMP, 201824
CC, 201833
CC, 201857
CC, 201870
LMP, 201894
CC, 201918
LMP, 201921
CC, 201932
CC, 201947
LMP, 201966
CC, 201968
LMP, 201979
LMP, 202036
CC, 202055
LMP, 202066
CC, 202076
LMP, 202090
LMP, 202108
CC, 202115
CC, 202150
CMP, 202191
CC, 202196
CC, 202207
CMP, 202217
CC, 202219
CC, 202284
CDR, 202294
CC, 202349
LMP, 202362
CC, 202367
LMP, 202377
CC, 202382
LMP, 202386
CC, 202400
LMP, 202401
CC, 202407
CC, 202468
LMP, 202469
CC, 202471
LMP, 202472
CC, 202482
LMP, 202550
CC, 202559
CC, 202575
LMP, 202592
CC, 202602
LMP, 202611
CC, 202618
CC, 202625
LMP, 202637
CC, 202661
LMP, 202678
CC, 202688
CC, 202697
CC, 202711
LMP, 202721
CC, 202730
CC, 202806
LMP, 202813
CC, 202829
LMP, 202831
CC, 202862
LMP, 202919
CC, 202929
CC, 203015
CDR, 203025
CC, 203027
CDR, 203068
CC, 203077
LMP, 203125
CC, 203140
LMP, 203163
CC, 203171
LMP, 203179
CC, 203182
LMP, 203186
CC, 203199
CC, 203269
CDR, 203275
CC, 203282
CC, 203297
LMP, 203306
CC, 203353
LMP, 203358
CC, 203361
CC, 203426
CC, 203448
LMP, 203466
CC, 203477
LMP, 203501
CC, 203524
LMP, 203530
CC, 203547
LMP, 203561
CC, 203565
CC, 203578
LMP, 203595
CC, 203628
CC, 203679
CMP, 203686
CC, 203694
CC, 203724
LMP, 203739
CC, 203751
CC, 203758
LMP, 203765
CC, 203768
LMP, 203821
CC, 203824
CDR, 203844
CC, 203864
CDR, 203876
CC, 203881
CDR, 203888
CC, 203893
CMP, 203898
CC, 203903
CC, 203935
CDR, 203940
CDR, 203974
CC, 203981
CDR, 203999
CC, 204020
CDR, 204035
CC, 204037
LMP, 204047
CC, 204051
CDR, 204060
CC, 204065
LMP, 204073
CDR, 204074
CC, 204077
LMP, 204083
CC, 204084
CC, 204094
LMP, 204111
CC, 204114
LMP, 204125
CDR, 204151
CC, 204167
CC, 204212
CDR, 204226
CDR, 204242
CC, 204252
CDR, 204260
CC, 204350
CDR, 204360
CC, 204383
CDR, 204394
CC, 204413
CC, 204968
CMP, 204981
CMP, 204991
CDR, 205046
CC, 205084
CDR, 205089
CC, 205103
CDR, 205104
CC, 205107
CDR, 205117
CC, 205221
CDR, 205235
CC, 205252
CC, 205285
CDR, 205304
CC, 205308
CDR, 205316
CC, 205445
CC, 205467
LMP, 205469
CC, 205470
LMP, 205471
LMP, 205474
CMP, 206268
CC, 206271
CMP, 206275
CC, 206283
CC, 206294
CMP, 206300
CC, 206307
CMP, 206321
CC, 206327
CMP, 206331
CC, 206334
CMP, 206346
CC, 206349
CMP, 206355
CC, 206367
CMP, 206377
CC, 206700
CDR, 206705
CC, 206707
CDR, 206729
CC, 206737
CMP, 206750
CC, 206760
CMP, 206768
CC, 206895
CMP, 206903
CMP, 206971
CC, 206973
CC, 207108
CMP, 207116
CC, 207364
CMP, 207374
CDR, 207873
CC, 207882
CC, 208778
CDR, 208788
CC, 208799
CC, 209168
CMP, 209177
CC, 209178
CMP, 209184
CC, 209188
CC, 209401
CDR, 209415
CDR, 209506
CC, 209508
CDR, 209547
CC, 209551
CDR, 209581
CC, 209600
CC, 209617
CDR, 209627
CMP, 209644
CC, 209649
CMP, 209657
CC, 209964
LMP, 209973
CC, 209975
LMP, 209988
CC, 209993
LMP, 210003
CC, 211282
CDR, 211306
CC, 211311
CDR, 211356
CC, 211363
CDR, 211388
CMP, 211405
CC, 211412
CMP, 211417
CC, 211420
CMP, 211461
CC, 211462
CMP, 211552
CC, 211587
CMP, 211608
CC, 211612
CMP, 211622
CDR, 211651
CC, 211658
CC, 213057
CMP, 213069
CC, 213072
CMP, 213081
CC, 213088
CMP, 213096
CMP, 213154
CC, 213162
CMP, 213171
LMP, 213572
CC, 213575
CC, 213590
LMP, 213638
CC, 213645
LMP, 213675
CC, 213694
LMP, 213730
LMP, 213785
CC, 213787
LMP, 213808
CC, 213815
CC, 213826
LMP, 213872
CC, 213874
LMP, 213920
CC, 213928
LMP, 213956
CC, 213957
LMP, 213998
CC, 214001
CC, 214001
CDR, 214341
CC, 214343
CDR, 214348
CC, 214357
CDR, 214380
CC, 214394
CDR, 214411
CC, 214418
CDR, 214424
CC, 214473
CDR, 214513
CC, 214517
CMP, 214545
CC, 214549
CMP, 214555
CC, 214560
CMP, 214572
CC, 214575
CC, 214597
CC, 214629
CMP, 214647
CDR, 215131
CC, 215134
CDR, 215139
CC, 215155
CDR, 215175
CC, 215266
CC, 215325
CC, 215383
CDR, 215388
CC, 215390
CDR, 215400
CC, 215402
CMP, 215413
CC, 215416
CMP, 215435
CC, 215438
CMP, 215469
CC, 215471
CMP, 215473
CC, 215481
CMP, 215499
CMP, 215742
CC, 215917
CC, 215965
CC, 216150
CC, 216187
CC, 216220
CC, 216355
CC, 216669
CDR, 216692
CC, 216695
CDR, 216711
CC, 216713
CDR, 216723
CC, 216726
CDR, 216736
CC, 216872
CDR, 216903
CC, 216906
CDR, 216912
CC, 217039
SC, 217049
CMP, 217259
CC, 217275
CC, 217366
CMP, 217377
CC, 217389
CMP, 217438
CC, 217442
CC, 217462
CMP, 217470
CMP, 217483
CC, 217486
CMP, 217490
CC, 217507
CMP, 217517
CDR, 218738
CC, 218741
CDR, 218746
CC, 218750
CC, 218942
CDR, 218954
CMP, 219007
CC, 219011
CC, 219032
CMP, 219038
CC, 219042
CMP, 219049
CC, 219057
CMP, 219099
LMP, 249024
LMP, 249061
CT, 249194
MSFN, 249197
CT, 249199
MSFN, 249201
CT, 249457
CT, 249461
CT, 249464
LMP, 249487
CC, 249496
LMP, 249501
CC, 249506
LMP, 249518
CC, 249528
LMP, 249532
CC, 249535
CC, 255810
LMP, 255818
CC, 255821
LMP, 255828
CC, 255832
CDR, 255848
LMP, 256019
CC, 256025
LMP, 256148
CC, 256185
LMP, 256186
CC, 256190
LMP, 256198
CC, 256205
CC, 256321
CC, 256337
CC, 256355
CMP, 256361
CC, 256362
CMP, 256392
CC, 256395
CMP, 256402
CC, 256406
CMP, 256435
CC, 256439
CMP, 256489
CC, 256509
CMP, 256514
CC, 256524
CMP, 256531
LMP, 257006
CC, 257014
LMP, 257018
CC, 257026
LMP, 257034
CC, 257039
LMP, 257054
CC, 257058
CDR, 257137
CC, 257140
LMP, 257588
CC, 257592
CC, 257605
CC, 257620
CDR, 257627
CC, 257629
CMP, 257640
CC, 257652
LMP, 257656
CC, 257667
LMP, 257671
CC, 257740
LMP, 257745
CC, 257747
LMP, 257784
CC, 257790
LMP, 257803
CC, 257806
LMP, 257831
CC, 257833
CC, 257955
CMP, 257963
CC, 257965
CMP, 257988
CC, 257991
CDR, 258013
CC, 258031
CDR, 258191
CC, 258246
CC, 258267
CMP, 258288
CC, 258296
CMP, 258305
CC, 258307
CMP, 258312
CC, 258318
CMP, 258735
CC, 258744
CDR, 258960
CC, 258995
CDR, 259012
CC, 259027
CDR, 259160
CC, 259192
CDR, 259198
CC, 259497
CC, 260028
CC, 260078
CDR, 260083
CC, 260089
CDR, 260095
CC, 260130
CDR, 260149
CC, 260155
CDR, 260245
CC, 260251
CMP, 260260
CC, 260267
CC, 260280
CMP, 260292
CC, 260350
CDR, 260364
LMP, 260417
CC, 260424
LMP, 260508
CC, 260550
CC, 260706
CDR, 260713
CC, 260714
CDR, 260732
CDR, 260750
CC, 260762
CDR, 260771
CC, 260836
CDR, 260844
CC, 260845
CDR, 260866
CC, 260896
CDR, 260904
CC, 260907
CC, 260964
CDR, 260975
CC, 260977
CC, 260986
CC, 261006
CC, 261024
CC, 261035
CC, 261048
CC, 261071
CC, 261095
CC, 261132
CC, 261176
CMP, 261177
CC, 261185
CC, 261199
CC, 261212
CC, 261230
CC, 261242
CC, 261296
CMP, 261298
CC, 261300
CDR, 261349
CC, 261356
CDR, 261450
CC, 261455
CDR, 261461
CC, 261469
CDR, 261531
CC, 261538
CMP, 261553
CC, 261557
CMP, 261563
CC, 261584
CDR, 261600
CC, 261602
CDR, 261603
CC, 261605
CMP, 261611
CC, 261616
CMP, 261621
CDR, 261641
CMP, 261683
CC, 261689
CC, 262138
CDR, 262150
CMP, 262157
CC, 262182
CDR, 262187
CC, 262237
CMP, 262273
CC, 262275
CDR, 262282
CC, 262284
CDR, 262434
CC, 262547
CDR, 262558
CC, 262563
CC, 263078
LMP, 263083
CC, 263084
LMP, 263099
CC, 263101
LMP, 263116
CC, 263120
CMP, 263354
CC, 263360
CMP, 263367
CC, 263593
CMP, 263604
CC, 263605
CC, 263811
CDR, 263818
CC, 263819
CDR, 263832
CC, 263835
CDR, 263844
CC, 263865
CMP, 263878
CDR, 263891
CC, 263901
CDR, 263906
CC, 263914
CC, 264021
CMP, 264028
CC, 264030
CMP, 264032
CC, 264036
CMP, 264042
CC, 264047
CMP, 264079
CC, 264083
CMP, 264091
CC, 264232
CMP, 264252
CMP, 265251
CC, 265254
CMP, 265260
CC, 265266
CMP, 265271
CMP, 265339
CC, 265343
CMP, 265349
CC, 265356
CMP, 265368
LMP, 266317
CC, 266323
CC, 266371
LMP, 266384
CC, 266386
LMP, 266513
CC, 266579
LMP, 266580
CC, 266581
CC, 266664
LMP, 266670
CC, 266672
LMP, 266708
CC, 266716
LMP, 266723
CC, 268484
CDR, 268489
CC, 268491
CDR, 268510
CC, 268512
CDR, 268520
CC, 268552
CDR, 268566
CC, 268569
CDR, 268587
CC, 269461
CC, 269473
CC, 269496
CDR, 269503
CC, 269505
CDR, 269512
CC, 269535
CDR, 269540
CC, 269544
CDR, 269545
CC, 269566
CDR, 269592
CDR, 269939
CC, 269942
CDR, 269947
CC, 269949
CC, 270202
CDR, 270212
CC, 271129
CMP, 271135
CC, 271136
CMP, 271142
CC, 271838
LMP, 271844
CC, 271846
LMP, 271853
CC, 271855
LMP, 271869
CC, 271878
LMP, 271884
LMP, 271903
CC, 271911
LMP, 271917
CDR, 272155
CC, 272158
CDR, 272171
CC, 272176
CDR, 272178
CC, 272201
CDR, 272215
CC, 272217
CC, 272221
CC, 272222
CDR, 272227
CC, 272232
CDR, 272242
CC, 272264
CC, 272271
CC, 272272
CDR, 272276
CC, 272278
CC, 272369
CC, 272433
CDR, 272442
CDR, 272449
CC, 272451
CC, 274547
CC, 274559
SC, 274571
SC, 274619
CC, 274620
CDR, 274628
SC, 274670
CC, 274772
CC, 274897
CDR, 274903
CC, 274906
CDR, 274916
CC, 274955
CDR, 274967
CDR, 275674
CC, 275711
LMP, 275732
CC, 275756
CDR, 275832
CDR, 275844
LMP, 275868
CC, 275875
LMP, 275890
CC, 275893
CC, 276089
CDR, 276095
CC, 276097
CDR, 276123
CC, 276124
CDR, 276125
CDR, 276130
CDR, 276131
CC, 276169
CDR, 276177
CMP, 276184
CDR, 276199
CC, 276222
CMP, 276247
LMP, 276252
CC, 276274
LMP, 276284
CMP, 276799
CC, 276808
CC, 276825
CMP, 276831
CC, 276835
CC, 276995
CDR, 277001
CC, 277002
LMP, 277020
CC, 277027
LMP, 277048
CDR, 277074
CC, 277075
CDR, 277114
CC, 277116
LMP, 277381
CC, 277389
LMP, 277403
CC, 277412
LMP, 277425
CC, 277490
LMP, 277514
CC, 277518
LMP, 277525
LMP, 277627
CC, 277636
CC, 277761
LMP, 277769
CC, 277772
LMP, 277917
CC, 277921
LMP, 277926
CC, 277952
CMP, 277971
CC, 278010
LMP, 278063
CC, 278115
CMP, 278134
LMP, 278143
CC, 278147
CMP, 278160
CC, 278180
LMP, 278188
LMP, 278279
CC, 278288
CDR, 278300
CDR, 278321
CC, 278331
CC, 278349
LMP, 278359
CC, 278564
CMP, 278569
CC, 278573
CMP, 278595
CC, 279113
CDR, 279122
CC, 279124
CDR, 279162
CC, 279165
CC, 279189
CDR, 279199
CC, 279204
LMP, 279222
CC, 279227
LMP, 279250
CC, 279264
CDR, 279288
CC, 279290
CDF, 279300
CC, 279307
CC, 279347
CMP, 279353
CC, 279354
CMP, 279370
CC, 279371
CC, 279496
CDR, 279520
CC, 279523
CMP, 279530
CC, 282235
LMP, 282249
CC, 282253
LMP, 282263
CC, 282264
LMP, 282270
CC, 282273
CMP, 282285
LMP, 282330
CC, 282384
LMP, 282394
CC, 282398
CC, 282407
LMP, 282430
CC, 282465
LMP, 282473
MS, 282474
CC, 282482
LMP, 282487
CC, 282491
LMP, 282501
CMP, 282502
CMP, 282537
CC, 282562
CMP, 282570
CC, 282587
CMP, 282601
LMP, 282608
CC, 282630
LMP, 282649
CC, 282651
CMP, 282656
CC, 282664
CMP, 282688
CC, 282701
CMP, 282726
CC, 282800
CDR, 282809
CC, 282839
CMP, 282856
CC, 282859
CDR, 282863
CMP, 282865
CC, 282890
CC, 282895
CMP, 282918
CC, 282946
LMP, 282959
CC, 282996
LMP, 283013
CMP, 283031
CC, 283039
LMP, 283040
CMP, 283052
CC, 283061
CMP, 283069
CC, 283076
CMP, 283108
LMP, 283110
CMP, 283111
CC, 283120
CMP, 283123
CC, 283126
LMP, 283127
CMP, 283128
CC, 283131
CMP, 283148
CC, 283154
LMP, 283165
CC, 283189
CC, 283201
LMP, 283211
CMP, 283222
CC, 283294
LMP, 283308
CC, 283368
LMP, 283382
CC, 283385
CMP, 283388
LMP, 283400
CC, 283409
CC, 283434
CMP, 283447
CDR, 283452
CC, 283479
CDR, 283481
CC, 283486
CC, 283492
LMP, 283499
LMP, 283537
LMP, 283560
CC, 283569
CC, 283593
CC, 283618
CC, 283656
LMP, 283680
CC, 283694
LMP, 283711
CC, 283729
LMP, 283746
CC, 283772
LMP, 283785
LMP, 283808
CC, 283830
LMP, 283839
CMP, 283843
CC, 283850
CMP, 283857
LMP, 283871
CC, 283896
LMP, 283907
CC, 283929
LMP, 283944
CC, 283954
LMP, 283978
CC, 283982
LMP, 283983
CC, 283988
LMP, 283990
CC, 284037
LMP, 284054
CMP, 284061
LMP, 284082
CC, 284088
LMP, 284089
CC, 284099
LMP, 284119
CC, 284132
CC, 284145
CC, 284158
CMP, 284163
LMP, 284166
CC, 284172
CMP, 284174
CC, 284202
CMP, 284212
CC, 284221
CMP, 284232
CMP, 284265
CC, 284270
CMP, 284280
CC, 284284
CC, 284300
CMP, 284310
CMP, 284326
LMP, 284334
CC, 284338
LMP, 284515
CC, 284599
LMP, 284617
CC, 284624
LMP, 284684
CC, 284716
CC, 284742
CMP, 284744
CC, 284749
CMP, 284764
CC, 284773
CMP, 284777
CC, 284778
CMP, 284780
CC, 284782
CC, 285711
LMP, 285717
CC, 285718
LMP, 285739
CMP, 285743
CC, 285754
CC, 285759
CMP, 285770
LMP, 285772
CC, 285774
LMP, 285832
CC, 285869
CC, 286339
LMP, 286344
CC, 286346
LMP, 286395
CC, 286400
LMP, 286407
CC, 286418
LMP, 286423
CC, 287010
CMP, 287038
CC, 287040
CC, 287183
CMP, 287201
LMP, 287203
CC, 287204
CMP, 287216
CC, 287226
CC, 290130
CDR, 290158
CC, 290185
CDR, 290192
CC, 290195
CDR, 290203
CC, 290227
CDR, 290235
CC, 290240
CC, 290285
CDR, 290294
CC, 290298
CDR, 290320
CC, 290324
CC, 290628
CC, 290672
CC, 290728
CC, 290843
CDR, 290844
CC, 290846
CDR, 290847
CC, 290854
CDR, 290867
CC, 290870
CC, 291051
CMP, 291082
CC, 291083
CMP, 291119
CC, 291141
CDR, 291332
CC, 291342
CDR, 291426
CC, 291443
CDR, 291521
CC, 291527
CDR, 291530
CC, 291532
CC, 292977
CDR, 292986
CC, 292996
CDR, 293153
CC, 293160
CC, 293221
LMP, 293228
CC, 293236
CC, 293243
CC, 293255
CC, 293267
CDR, 293275
CMP, 293370
CC, 293375
CMP, 293381
CC, 293389
CMP, 293394
CC, 293400
CMP, 293405
CC, 293408
CC, 294081
CDR, 294100
CC, 297155
CMP, 297163
CC, 297166
CMP, 298021
CC, 298023
CMP, 298027
CC, 298031
CC, 298227
CMP, 298235
CC, 298237
CMP, 298339
CC, 298342
CMP, 298346
CC, 298375
CMP, 298383
CC, 298426
CMP, 298434
CC, 298436
CMP, 298463
CC, 298467
LMP, 298610
CC, 298621
LMP, 298629
CC, 298640
LMP, 298648
SC, 298747
CC, 298752
CC, 298796
CMP, 298830
CC, 298834
CMP, 298838
CC, 298843
CMP, 298853
CC, 298862
CDR, 299023
CC, 299025
CDR, 299029
CC, 299044
CC, 299053
CDR, 299062
CC, 299066
CDR, 299068
CC, 299069
LMP, 299354
LMP, 299393
CDR, 299394
LMP, 299422
CC, 299429
LMP, 299435
CC, 299440
LMP, 299455
CC, 299458
LMP, 299469
CC, 299473
LMP, 299483
LMP, 299493
CC, 299502
CC, 299506
LMP, 299520
CC, 299523
LMP, 299524
LMP, 299536
CC, 299544
LMP, 299550
CC, 299570
CC, 299583
LMP, 299597
CMP, 299600
LMP, 299604
CMP, 299608
LMP, 299620
CC, 299635
CC, 299642
CMP, 299652
CC, 299662
LMP, 299678
CC, 299680
LMP, 299693
CC, 299734
LMP, 299740
CC, 299745
LMP, 299764
CC, 299775
LMP, 299783
CC, 299787
CC, 299815
CC, 299873
LMP, 299880
CC, 299885
LMP, 299908
CC, 299919
CC, 299935
LMP, 299949
CC, 299966
LMP, 299975
CC, 299986
CC, 299997
LMP, 300010
CC, 300013
CC, 300028
LMP, 300048
CC, 300096
LMP, 300112
CC, 300115
CC, 300148
LMP, 300159
CC, 300164
CC, 300179
LMP, 300187
CC, 300195
CC, 300206
LMP, 300221
CC, 300326
LMP, 300335
CC, 300376
LMP, 300386
CC, 300399
LMP, 300400
CC, 300404
CMP, 300414
CC, 300416
CMP, 300419
CMP, 300565
CC, 300569
CMP, 300677
CC, 300710
CMP, 300726
CC, 300730
CMP, 300763
CMP, 300771
CC, 300774
CC, 300811
CMP, 300838
CC, 301045
CMP, 301055
CDR, 301081
CC, 301085
CC, 304272
CMP, 304280
CC, 304281
CMP, 304289
CC, 304300
CMP, 304338
CC, 304340
CMP, 304387
CC, 304403
CMP, 304415
CC, 304416
CMP, 304457
CC, 304462
LMP, 304466
CC, 304528
LMP, 304543
CC, 304553
LMP, 304554
CC, 304556
CMP, 304576
CC, 304585
CMP, 304603
CC, 304607
CMP, 304658
CC, 304665
LMP, 304686
CC, 304691
LMP, 304701
CC, 304716
LMP, 304914
CC, 304916
LMP, 304921
CC, 304930
LMP, 304941
CC, 304944
CC, 305267
LMP, 305287
CC, 305292
CC, 305522
LMP, 305588
CC, 305590
LMP, 305596
CC, 305601
LMP, 305609
CC, 305613
LMP, 305628
CC, 305640
CC, 305678
LMP, 305691
CC, 305694
CC, 306278
LMP, 306284
CC, 306286
CMP, 306305
CC, 306306
CMP, 306359
CC, 306366
CMP, 306375
CC, 306562
LMP, 306570
CC, 306571
LMP, 306604
CC, 306611
LMP, 306626
CC, 306808
LMP, 306817
CC, 306859
CC, 306927
LMP, 306939
CC, 306957
CC, 306983
LMP, 306995
CC, 307207
LMP, 307224
CC, 307249
LMP, 307272
CC, 307298
LMP, 307318
CC, 307666
CMP, 307681
CC, 307684
CMP, 307705
CC, 307707
CMP, 307722
CC, 307729
CC, 308407
CDR, 308420
CC, 308421
CMP, 311437
CC, 311439
CMP, 311444
CC, 311469
CC, 311537
CMP, 311555
CC, 311557
CMP, 311569
CC, 311571
CC, 336759
CMP, 336781
CC, 336784
CMP, 336792
CC, 336795
CMP, 336803
CC, 336824
CMP, 336836
CC, 336846
CMP, 336857
CC, 336867
CMP, 336874
CC, 336877
CC, 336901
CMP, 336911
CC, 339737
LMP, 339784
CC, 339786
LMP, 339791
CC, 339797
CC, 339827
LMP, 339840
LMP, 341400
CC, 341410
SC, 341430
LMP, 341434
CC, 341437
CMP, 341559
CC, 341568
CMP, 341644
CC, 341648
CMP, 341660
CC, 341662
CMP, 341749
CC, 341775
CMP, 341796
CC, 341797
CMP, 341838
CC, 341857
CC, 341869
SC, 341880
CMP, 341882
CC, 341884
CMP, 341903
CMP, 341931
CC, 341942
CC, 342969
LMP, 342976
CC, 342978
CDR, 342988
CC, 342990
CMP, 342991
CC, 342992
LMP, 343047
CC, 343048
LMP, 343095
CC, 343099
CDR, 343247
LMP, 343281
CC, 343287
CC, 343815
CDR, 343827
CC, 346884
LMP, 346918
CC, 346923
LMP, 346928
CC, 346931
LMP, 346946
CC, 346961
LMP, 346962
CMP, 346966
CC, 346986
SC, 346994
CMP, 347001
CC, 347011
CMP, 347017
CC, 347084
CC, 347150
CMP, 347157
CC, 347160
LMP, 347172
CC, 347175
LMP, 347184
CC, 347187
CC, 347227
CMP, 347235
CMP, 347301
CC, 347306
CMP, 347315
CC, 347322
CMP, 347339
CMP, 347360
CC, 347362
CMP, 347392
CC, 347404
CMP, 347432
CC, 347440
LMP, 347446
CC, 347452
LMP, 347459
CC, 347471
LMP, 347480
CMP, 347487
CC, 347492
LMP, 347527
CC, 347536
LMP, 347543
CC, 347549
LMP, 347594
CC, 347601
LMP, 347610
CC, 347614
LMP, 347667
CC, 347674
LMP, 347685
CC, 347689
LMP, 347800
CC, 347813
CC, 347827
LMP, 347833
LMP, 347966
CC, 347970
LMP, 347984
CC, 347987
LMP, 348026
CC, 348035
CC, 348167
LMP, 348171
CMP, 348174
CC, 348176
CMP, 348201
CC, 348209
CMP, 348216
CC, 348248
CMP, 348259
CC, 348266
CMP, 348271
LMP, 348379
CC, 348386
CC, 348404
LMP, 348413
CC, 348478
LMP, 348486
LMP, 348559
CC, 348563
CC, 348598
LMP, 348612
CC, 348618
CC, 349024
CDR, 349040
CC, 349046
CDR, 349077
CC, 349083
CDR, 349090
CC, 349092
CDR, 349204
CMP, 349210
CDR, 349213
CDR, 349224
CMP, 349230
CDR, 349265
CMP, 349269
CDR, 349271
CDR, 349282
CMP, 349289
CMP, 349302
CDR, 349306
CMP, 349310
CDR, 349313
CMP, 349319
CDR, 349343
CMP, 349347
CDR, 349349
CMP, 349397
CMP, 349412
CMP, 349413
CMP, 349414
CDR, 349415
CDR, 349426
CDR, 349439
CMP, 349441
CDR, 349443
CDR, 349446
CMP, 349448
CDR, 349460
CMP, 349466
CDR, 349486
CMP, 349496
CDR, 349500
CMP, 349504
CDR, 349506
CMP, 349507
CDR, 349520
CMP, 349528
CMP, 349543
CDR, 349597
CMP, 349610
CMP, 349693
CDR, 349701
CMP, 349711
CDR, 349717
CDR, 349718
CMP, 349722
CDR, 349737
CMP, 349745
CC, 349894
CDR, 349900
CDR, 349912
CMP, 349918
CDR, 350035
CMP, 350047
CDR, 350049
CMP, 350058
CDR, 350059
CDR, 350062
CMP, 350064
CDR, 350078
CMP, 350088
CC, 350106
CDR, 350107
CC, 350110
CDR, 350134
CC, 350136
CDR, 350142
CC, 350145
CC, 350228
CC, 350495
CDR, 350507
CC, 350519
CDR, 350554
CC, 350570
CDR, 350658
CC, 350668
CDR, 350677
LMP, 350688
CC, 350689
LMP, 350694
CC, 350701
CC, 350717
LMP, 350726
CC, 350729
LMP, 350739
CDR, 350753
CC, 350757
CC, 350863
CDR, 350874
CMP, 350878
CMP, 350911
CDR, 350919
CMP, 350921
CDR, 350931
LMP, 350937
CC, 350944
CC, 350960
LMP, 350966
CDR, 350981
CMP, 350984
CC, 350994
LMP, 351006
CC, 351020
LMP, 351027
CC, 351065
LMP, 353339
CC, 353901
CC, 353950
CC, 353970
CC, 354019
CC, 354053
CC, 354118
CC, 354156
CC, 354190
LMP, 354196
CC, 354197
LMP, 354202
CC, 354221
LMP, 354245
CC, 354247
LMP, 354274
CC, 354289
LMP, 354302
CC, 354313
CMP, 354357
CC, 354359
CMP, 354366
CC, 354368
LMP, 354382
CC, 354385
CMP, 354396
CC, 354411
LMP, 354427
CC, 354466
CMP, 354476
CC, 354540
CMP, 354557
CC, 354603
CDR, 354685
CDR, 354689
CMP, 354690
CC, 354692
CC, 354786
LMP, 354793
CC, 354814
LMP, 354836
CC, 354844
CMP, 354932
CC, 354937
CMP, 354942
CC, 354951
CMP, 354955
LMP, 355078
CC, 355081
LMP, 355085
CC, 355131
CC, 355153
LMP, 355163
CDR, 355202
CC, 355212
CC, 355235
MS, 355237
CC, 355240
CDR, 355243
CC, 355247
CDR, 355261
CMP, 355301
CMP, 355343
CC, 355349
CMP, 355353
LMP, 355455
CC, 355461
CC, 355480
LMP, 355492
CC, 355494
LMP, 355499
CC, 355504
CMP, 355555
CC, 355563
CMP, 355609
CC, 355615
CMP, 355620
CC, 355638
CMP, 355643
CC, 355658
LMP, 355669
CC, 355671
LMP, 355681
CC, 355683
LMP, 355715
CC, 355732
CMP, 355759
CC, 355765
LMP, 355768
CC, 355770
LMP, 355787
LMP, 355816
LMP, 355873
CC, 355896
CC, 355944
LMP, 355952
CC, 355955
CMP, 355963
CC, 355966
CMP, 355974
CMP, 355998
CC, 355999
CMP, 356038
CC, 356048
CDR, 356089
CC, 356103
CDR, 356111
CMP, 356145
CC, 356157
CC, 356166
CDR, 356179
LMP, 356182
CC, 356211
CC, 356243
LMP, 356248
CC, 356251
CDR, 356264
CC, 356285
LMP, 356298
CC, 356318
CC, 356373
LMP, 356394
LMP, 356413
CC, 356423
CC, 356490
LMP, 356495
CC, 356496
LMP, 356512
CC, 356515
CC, 356605
CDR, 356617
CDR, 356619
CMP, 356628
CDR, 356637
CDR, 356642
CMP, 356645
CDR, 356660
CMP, 356667
CC, 356678
CDR, 356687
CC, 356688
CC, 356689
CC, 356698
CDR, 356709
CC, 356713
CC, 356768
LMP, 356777
CC, 356781
LMP, 356787
CC, 356790
CC, 356797
CMP, 356805
CC, 356807
LMP, 356820
CC, 356822
LMP, 356838
CC, 356844
CC, 356953
LMP, 356962
CC, 356968
LMP, 356976
CC, 356982
CMP, 356988
CC, 357089
CMP, 357099
CC, 357102
CMP, 357108
LMP, 357111
CC, 357115
CC, 357238
LMP, 357251
CC, 357327
LMP, 357343
CMP, 357391
CDR, 357397
LMP, 357398
CMP, 357404
LMP, 357406
CC, 357414
LMP, 357537
CMP, 357542
CMP, 357552
CMP, 357557
LMP, 357560
CMP, 357561
CMP, 357571
LMP, 357574
CMP, 357667
CMP, 357724
CDR, 357729
LMP, 357853
CC, 357858
LMP, 357872
CMP, 357882
CDR, 357890
CMP, 357893
CC, 357900
LMP, 357908
CMP, 357999
CMP, 358085
CC, 358087
CMP, 358092
CC, 358099
CMP, 358103
CC, 358104
LMP, 358113
CC, 358147
CMP, 358153
CDR, 358158
CC, 361026
CC, 361071
CDR, 361081
CC, 361083
CDR, 361084
CC, 361086
CDR, 361088
CC, 361089
LMP, 361100
CC, 361104
CDR, 361121
CDR, 361142
CDR, 361206
LMP, 361228
CC, 361232
LMP, 361251
CC, 361315
LMP, 361321
CC, 361325
CC, 361479
LMP, 361489
CC, 361533
CC, 361644
CMP, 361742
CDR, 361744
LMP, 361750
CC, 361768
LMP, 361780
CC, 361816
CC, 361819
CC, 361820
CC, 361853
CDR, 361865
CC, 361873
CDR, 361880
CC, 361883
CDR, 361905
CC, 361956
CMP, 361960
CC, 361963
CC, 361969
CC, 361970
CMP, 361975
CC, 362027
CMP, 362035
CMP, 362078
CMP, 362126
CDR, 362181
CMP, 362187
CDR, 362188
CMP, 362204
CMP, 362251
CDR, 362256
CMP, 362333
CDR, 362336
CMP, 362419
CC, 362432
CMP, 362436
CC, 362467
CMP, 362476
CDR, 362580
CMP, 362840
LMP, 362849
CMP, 362851
CMP, 362852
CMP, 362878
LMP, 362893
CMP, 362913
CC, 362947
LMP, 362955
CC, 362956
CC, 362969
CC, 362979
CMP, 363014
CC, 363025
CC, 363057
LMP, 363068
CC, 363070
LMP, 363081
CC, 363136
CMP, 363144
CC, 363152
LMP, 363158
CC, 363163
LMP, 363260
CC, 363310
CMP, 363350
LMP, 363353
CMP, 363354
CC, 363380
CMP, 363390
CC, 363392
CMP, 363397
LMP, 363511
CMP, 363516
LMP, 363537
CMP, 363539
CMP, 363540
LMP, 363545
CMP, 363551
CMP, 363601
CC, 363604
CMP, 363608
CC, 363616
CC, 363665
CMP, 363673
CC, 363674
CMP, 363703
CC, 363707
CMP, 363714
CC, 363716
CMP, 363760
CC, 363789
CMP, 363801
CC, 363803
CC, 363817
CMP, 363829
CC, 364018
CMP, 364030
CC, 364449
CMP, 364462
LMP, 364477
CC, 364481
CMP, 364498
CC, 364577
CMP, 364590
CC, 364627
LMP, 364643
CC, 364649
CC, 364673
LMP, 364680
CC, 364683
LMP, 364696
CC, 364698
LMP, 364711
CMP, 364748
CC, 364753
CMP, 364759
CC, 364763
CDR, 364786
CC, 364804
CDR, 364818
CC, 364844
CMP, 364853
CC, 364957
LMP, 364968
CC, 364971
CC, 365023
LMP, 365032
CC, 365034
LMP, 365046
CC, 365048
CC, 365053
CC, 365054
LMP, 365058
CC, 365127
CMP, 365134
LMP, 365138
CC, 368102
CC, 368136
CMP, 368141
CC, 368143
CMP, 368149
CC, 368152
CMP, 368157
CC, 368160
CC, 368169
CMP, 368179
CC, 368182
LMP, 368247
CC, 368249
LMP, 368256
CC, 368305
CMP, 368317
CMP, 368330
CC, 368334
LMP, 368345
CC, 368348
LMP, 368359
CC, 368394
CC, 368557
CMP, 368566
CC, 368637
LMP, 368642
CC, 368644
LMP, 368652
CC, 368663
CDR, 368678
CC, 368681
LMP, 368685
CC, 368688
CC, 368735
LMP, 368743
CDR, 368788
CC, 368797
LMP, 368815
CC, 368826
LMP, 368829
CC, 368834
CC, 368842
CC, 368888
CMP, 368898
CC, 368902
CMP, 368914
CMP, 368926
LMP, 368928
CMP, 368929
CC, 368931
LMP, 368937
CDR, 368947
LMP, 368948
CC, 368963
LMP, 368969
CC, 368973
CC, 368974
LMP, 368978
LMP, 369045
LMP, 369064
CC, 369092
LMP, 369105
CC, 369109
LMP, 369123
CC, 369125
LMP, 369126
CC, 369128
LMP, 369144
LMP, 369189
CC, 369221
CMP, 369231
LMP, 369241
CMP, 369245
LMP, 369247
CMP, 369253
CC, 369256
CC, 369263
LMP, 369264
CC, 369265
LMP, 369269
CC, 369274
LMP, 369286
LMP, 369299
CC, 369301
LMP, 369314
LMP, 369345
CC, 369351
LMP, 369352
LMP, 369354
LMP, 369373
CDR, 369378
CC, 369381
LMP, 369384
CDR, 369396
LMP, 369403
LMP, 369420
CC, 369438
LMP, 369439
CC, 369442
LMP, 369450
CC, 369455
LMP, 369484
CC, 369498
LMP, 369500
CDR, 369503
CC, 369505
CDR, 369506
CC, 369508
CDR, 369510
LMP, 369512
CDR, 369528
CC, 369533
CDR, 369539
CC, 369541
LMP, 369542
CC, 369543
CDR, 369546
LMP, 369554
CC, 369557
CC, 369563
LMP, 369564
CC, 369568
LMP, 369569
CC, 369570
LMP, 369574
CDR, 369575
CC, 369576
LMP, 369577
CC, 369582
LMP, 369588
CC, 369608
LMP, 369613
CC, 369621
LMP, 369623
CC, 369624
CC, 369649
CDR, 369655
LMP, 369661
CC, 369665
LMP, 369670
CC, 369672
LMP, 369675
CC, 369687
LMP, 369695
CC, 369697
CC, 369711
CDR, 369725
CC, 369728
CC, 369730
LMP, 369737
CC, 369739
LMP, 369742
CDR, 369744
CC, 369745
LMP, 369751
CC, 369755
LMP, 369756
CC, 369778
LMP, 369781
LMP, 369787
LMP, 369791
LMP, 369795
LMP, 369806
LMP, 369809
LMP, 369812
LMP, 369815
LMP, 369822
LMP, 369826
LMP, 369831
LMP, 369832
CDR, 369837
LMP, 369844
LMP, 369847
LMP, 369853
LMP, 369856
LMP, 369863
LMP, 369864
LMP, 369866
LMP, 369873
LMP, 369880
LMP, 369885
LMP, 369891
LMP, 369894
CC, 369902
LMP, 369904
LMP, 369908
LMP, 369917
LMP, 369921
LMP, 369925
CC, 369931
CDR, 369932
LMP, 369933
LMP, 369934
LMP, 369940
LMP, 369943
LMP, 369945
CDR, 369946
LMP, 369947
LMP, 369952
CC, 369957
CDR, 369959
CDR, 369964
CC, 369966
CDR, 369976
CC, 369978
CDR, 369983
LMP, 369985
LMP, 369998
LMP, 370012
LMP, 370023
CC, 370026
LMP, 370028
CC, 370029
CDR, 370032
CC, 370035
LMP, 370040
LMP, 370057
LMP, 370090
CC, 370093
CMP, 370094
CC, 370097
LMP, 370098
CC, 370099
CDR, 370106
CC, 370107
CMP, 370111
LMP, 370112
CMP, 370138
CC, 370142
CC, 370179
LMP, 370190
LMP, 370228
CC, 370232
LMP, 370259
CC, 370264
LMP, 370267
CC, 370271
LMP, 370301
CC, 370305
CC, 370310
CDR, 370312
CC, 370314
CC, 370417
CDR, 370516
CC, 370549
LMP, 370562
CC, 370607
CDR, 370620
LMP, 370622
CC, 370624
CDR, 370635
CC, 370637
CMP, 370639
CC, 370642
CC, 370668
CDR, 370675
CC, 370680
CC, 370696
CMP, 370707
CC, 370708
CMP, 370720
CDR, 370728
CMP, 370735
CC, 370759
CMP, 370772
CC, 370842
CDR, 370858
CDR, 370923
CC, 370961
CDR, 371012
CC, 371027
CDR, 371035
CC, 371094
CMP, 371101
CDR, 371102
CMP, 371103
CDR, 371111
CMP, 371132
CDR, 371138
CC, 371157
LMP, 371167
CC, 371171
CC, 371176
CMP, 371187
CC, 371189
CMP, 371218
CC, 371230
CMP, 371233
CC, 371239
CMP, 371244
CC, 371286
CDR, 371287
CC, 371297
CDR, 371304
CC, 371315
LMP, 371327
CC, 371348
CC, 371415
LMP, 371424
CC, 371426
CDR, 371445
CC, 371468
CDR, 371472
CC, 371482
CC, 371497
CDR, 371507
CDR, 371564
CC, 371642
LMP, 371650
CC, 371672
CDR, 371682
CC, 371692
CDR, 371699
LMP, 371701
CC, 371709
CC, 371717
LMP, 371726
CC, 371744
CDR, 371760
CC, 371765
CDR, 371774
CC, 371801
CDR, 371821
CC, 371829
CDR, 371854
CC, 371857
CDR, 371858
CC, 371861
LMP, 371927
CC, 371931
CC, 371957
CDR, 371965
CC, 372052
CDR, 372070
CC, 372120
CDR, 372137
CC, 372138
CDR, 372150
CC, 372174
CC, 372292
CMP, 372308
CC, 372315
CMP, 372321
CC, 372324
CMP, 372329
CC, 372331
CMP, 372337
CC, 372796
CC, 372847
LMP, 372862
CC, 372863
CC, 372930
CC, 372934
CC, 372935
LMP, 372946
CC, 372956
CC, 372988
CDR, 373004
CC, 373005
CDR, 373011
CC, 373156
CC, 373165
CC, 373176
CC, 373181
CDR, 373186
CC, 373187
CC, 373639
LMP, 373649
CC, 373662
CC, 373684
CDR, 373759
CC, 373764
CDR, 373775
CC, 373777
CC, 373820
LMP, 373829
CC, 373832
LMP, 373884
CC, 373888
LMP, 373901
CC, 373903
CC, 373929
LMP, 373936
CC, 373938
LMP, 373939
CC, 373949
CC, 373958
LMP, 373971
CC, 373982
LMP, 373993
CC, 374034
CC, 374040
CC, 374041
CDR, 374049
CC, 374054
LMP, 374068
LMP, 374078
CC, 374082
LMP, 374128
CC, 374153
LMP, 374170
CC, 374172
LMP, 374228
CC, 374232
LMP, 374245
CC, 374250
LMP, 374264
CC, 374335
LMP, 374348
CC, 374350
CDR, 374381
CC, 374387
CC, 374546
CDR, 374555
CC, 374562
CC, 374566
CC, 374567
CDR, 374571
CC, 374590
CDR, 374598
LMP, 374719
CC, 374726
CC, 374742
LMP, 374759
CC, 374765
LMP, 374777
CC, 374803
LMP, 374815
CC, 374880
LMP, 374891
CC, 374893
CC, 375272
CC, 375286
CC, 375287
CDR, 375292
CMP, 375300
CC, 375302
CMP, 375310
CC, 375313
CMP, 375333
CMP, 375336
CC, 375337
CC, 375368
CMP, 375450
CC, 375454
CDR, 375518
CC, 375522
CDR, 375539
CC, 375542
CC, 375597
CC, 375621
CMP, 375626
CC, 375628
CMP, 375636
CMP, 375641
CC, 375642
CMP, 375662
CC, 375668
CMP, 375672
CC, 375676
CC, 375691
CDR, 375700
CDR, 375747
CC, 375750
LMP, 375785
CC, 375800
CC, 375806
CDR, 375813
CC, 375817
CDR, 375829
CMP, 375831
CC, 375833
CC, 375891
CMP, 375908
CC, 375914
CMP, 375921
CC, 375931
CDR, 375947
CC, 375963
CC, 375969
CDR, 375979
CC, 376358
LMP, 376376
CC, 376389
CDR, 376495
CC, 376500
CC, 376523
CDR, 376531
CC, 376537
LMP, 376547
LMP, 376747
CC, 376749
LMP, 376754
CC, 376771
LMP, 376775
CC, 376780
LMP, 376788
CC, 376796
CDR, 376808
CC, 376811
CC, 376833
CDR, 376846
CC, 376848
CDR, 376852
CMP, 376857
CC, 376860
CC, 376861
CMP, 376864
CDR, 376869
CC, 376870
CC, 376896
CMP, 376906
CC, 376910
CMP, 376918
CC, 376925
CC, 376928
CMP, 376934
CC, 376949
CMP, 376968
CC, 377171
CDR, 377379
CC, 377967
CMP, 377974
CC, 377975
CMP, 377983
CC, 377992
CMP, 378030
CC, 378040
CMP, 378046
CC, 378081
CMP, 378088
CC, 378090
CMP, 378177
CC, 378202
CC, 378265
CMP, 378298
CC, 378367
CC, 378408
LMP, 378414
CC, 378416
CDR, 378446
LMP, 378457
CC, 378464
CMP, 378481
LMP, 378491
CC, 378501
CMP, 378511
LMP, 378512
CC, 378521
LMP, 378534
CMP, 378551
CC, 378553
CC, 378597
CMP, 378608
CC, 378722
CMP, 378732
CC, 378766
CMP, 378773
CC, 378883
LMP, 378893
CC, 378895
LMP, 378919
CC, 378981
LMP, 378999
CC, 379002
CC, 379072
CMP, 379078
CC, 379079
CMP, 379100
CC, 379189
CMP, 379197
CC, 379199
CMP, 379246
CC, 379295
CMP, 379307
LMP, 379529
CC, 379531
LMP, 379538
CC, 379568
LMP, 380103
CDR, 380107
CC, 380837
CDR, 380863
CC, 380870
CMP, 382267
CC, 382272
CDR, 382274
CC, 382283
CMP, 382295
CC, 382309
CMP, 382338
CC, 382363
CMP, 382372
CMP, 382376
CC, 382385
CC, 382976
CDR, 382985
CC, 382987
CDR, 382999
CDR, 383010
LMP, 383024
CC, 383032
CMP, 383366
CC, 383370
CMP, 383381
CC, 383385
CMP, 383776
CC, 383779
CMP, 383780
CC, 383804
CC, 383854
CC, 383885
CMP, 383922
CC, 383936
CMP, 383959
CC, 383966
CC, 384021
CMP, 384028
CC, 384033
CMP, 384059
CC, 384061
CMP, 384180
CC, 384182
CMP, 384188
CC, 384199
CMP, 384201
CC, 384216
CMP, 384243
CC, 384257
CMP, 384280
CC, 384288
CC, 384534
LMP, 384547
CC, 384551
CMP, 384629
CC, 384631
CMP, 384638
CC, 384646
CMP, 384656
CC, 384664
CMP, 384706
CC, 384721
CMP, 384728
CMP, 384784
CC, 384792
CC, 384803
CMP, 384813
CC, 384819
CMP, 384832
CC, 384837
CMP, 384849
CMP, 384853
CC, 384880
CMP, 384886
CC, 384893
CMP, 384900
CMP, 384937
CC, 384943
CMP, 384985
CC, 384988
CC, 384997
CC, 385030
CC, 385129
CC, 385335
CMP, 385515
CC, 385518
CMP, 385525
CC, 385526
CMP, 385529
CC, 385531
CMP, 385541
CC, 385543
CMP, 385562
CC, 385565
CMP, 385577
CC, 385581
CMP, 385617
CC, 385636
CMP, 385649
CC, 385653
CMP, 385660
CMP, 385668
CC, 385670
CMP, 385708
CC, 385720
CMP, 385724
CC, 385733
CC, 385806
CMP, 385813
CC, 385815
CMP, 385868
CC, 385884
CMP, 385893
CC, 385895
CMP, 385926
CC, 385935
CMP, 385940
CC, 386134
CMP, 386143
CMP, 386367
CC, 386370
CMP, 386374
CC, 386380
CMP, 386400
CC, 386457
CMP, 386469
CC, 386479
CMP, 386486
CDR, 387060
CC, 387063
CDR, 387069
CC, 387080
CDR, 387496
CDR, 387610
CDR, 387875
CC, 388440
LMP, 388449
CC, 388451
CDR, 388467
LMP, 388863
CC, 388874
CDR, 388887
CDR, 388893
CC, 388894
CDR, 388975
CDR, 388978
CDR, 388981
CDR, 389082
CDR, 389089
LMP, 389097
CDR, 389100
LMP, 389116
LMP, 389209
CDR, 389241
CDR, 389250
LMP, 389257
LMP, 389263
CDR, 389264
LMP, 389291
CDR, 389293
LMP, 389294
CDR, 389295
LMP, 389298
CDR, 389306
LMP, 389308
CDR, 389310
LMP, 389312
CDR, 389332
LMP, 389333
CDR, 389338
CDR, 389345
CC, 389384
CMP, 389393
CC, 389395
CMP, 389423
CMP, 389450
CC, 389458
CMP, 389463
LMP, 389474
CMP, 389476
LMP, 389477
CMP, 389482
LMP, 389486
CMP, 389487
CC, 389492
LMP, 389502
CC, 389503
LMP, 389510
CC, 389511
LMP, 389519
CMP, 389520
CC, 389522
CDR, 389525
LMP, 389526
CDR, 389531
LMP, 389535
CDR, 389541
LMP, 389553
CDR, 389561
LMP, 389564
CDR, 389565
LMP, 389566
CDR, 389569
LMP, 389571
CDR, 389573
LMP, 389575
LMP, 389578
CDR, 389584
LMP, 389586
CDR, 389591
LMP, 389595
CDR, 389596
LMP, 389597
CDR, 389598
CDR, 389608
LMP, 389613
CDR, 389615
LMP, 389618
CDR, 389619
CC, 389623
CDR, 389633
CC, 389637
LMP, 389646
CC, 389650
CDR, 389658
CC, 389664
CDR, 389675
CC, 389693
CDR, 389707
CC, 389819
CMP, 389827
CC, 389835
CMP, 389842
CC, 389962
CDR, 389977
CDR, 390022
CC, 390027
CDR, 390033
CC, 390043
CDR, 390055
CC, 390061
CDR, 390063
LMP, 390068
CC, 390071
LMP, 390079
CDR, 390083
CC, 390086
CDR, 390101
CC, 390104
LMP, 390119
CDR, 390121
CC, 390126
CDR, 390135
LMP, 390138
CDR, 390141
LMP, 390143
CDR, 390147
LMP, 390150
LMP, 390168
CC, 390174
LMP, 390191
CDR, 390194
LMP, 390195
CMP, 390196
CDR, 390198
CC, 390201
LMP, 390202
CDR, 390206
CDR, 390211
LMP, 390225
CC, 390249
LMP, 390268
CDR, 390270
LMP, 390281
LMP, 390290
CDR, 390315
LMP, 390320
CDR, 390325
LMP, 390326
LMP, 390328
CDR, 390330
LMP, 390346
CDR, 390350
LMP, 390354
CDR, 390364
LMP, 390366
CDR, 390396
CDR, 390401
LMP, 390408
CDR, 390409
LMP, 390411
CDR, 390412
LMP, 390429
CDR, 390434
LMP, 390436
CDR, 390446
LMP, 390462
CDR, 390464
LMP, 390470
CDR, 390475
LMP, 390477
CDR, 390478
LMP, 390502
CDR, 390505
CDR, 390522
LMP, 390540
LMP, 390571
CDR, 390582
CDR, 390607
LMP, 390611
CMP, 390619
LMP, 390646
CDR, 390648
LMP, 390653
LMP, 390673
CC, 390676
LMP, 390687
CDR, 390718
LMP, 390760
CDR, 390823
LMP, 390826
LMP, 390887
LMP, 390938
CDR, 390942
CDR, 390945
CC, 390948
CDR, 390961
CC, 390967
CDR, 390986
CC, 390996
CDR, 391006
CC, 391008
LMP, 391032
CDR, 391034
LMP, 391039
CDR, 391061
CDR, 391083
LMP, 391097
CDR, 391099
LMP, 391116
CC, 391210
CDR, 391219
LMP, 391263
CDR, 391264
LMP, 391296
CC, 391299
LMP, 391304
CC, 391312
CC, 391319
CDR, 391320
CC, 391321
LMP, 391330
CDR, 391352
LMP, 391354
CC, 391455
CMP, 391461
CC, 391465
CMP, 391492
CC, 391493
LMP, 391532
CDR, 391533
LMP, 391534
LMP, 391547
CDR, 391549
LMP, 391552
CDR, 391557
LMP, 391562
CDR, 391568
LMP, 391570
CDR, 391572
LMP, 391574
LMP, 391598
CDR, 391603
LMP, 391607
CC, 391628
CMP, 391636
CC, 391638
CMP, 391646
CC, 391650
CMP, 391680
CC, 391694
CMP, 391701
CC, 391706
CMP, 391728
CC, 391738
CC, 391748
CDR, 391902
CDR, 391956
CC, 391959
LMP, 391961
CDR, 391962
LMP, 391967
CC, 391972
LMP, 391978
CDR, 391980
LMP, 392013
CDR, 392021
LMP, 392026
CDR, 392027
LMP, 392029
CDR, 392036
LMP, 392048
CDR, 392065
LMP, 392084
CDR, 392088
LMP, 392093
CC, 392094
CDR, 392097
CC, 392098
CDR, 392103
LMP, 392108
CDR, 392112
LMP, 392117
CDR, 392140
CC, 392150
CDR, 392160
CDR, 392162
CMP, 392163
CC, 392165
CDR, 392169
LMP, 392178
CDR, 392180
LMP, 392181
CDR, 392182
LMP, 392226
CDR, 392239
CDR, 392298
CDR, 392346
LMP, 392472
CDR, 392474
LMP, 392565
CDR, 392568
CDR, 392582
CDR, 392632
CDR, 392663
LMP, 392666
CDR, 392667
LMP, 392677
CDR, 392680
LMP, 392723
CDR, 392728
LMP, 392734
CDR, 392739
CC, 392775
CDR, 392782
LMP, 392808
CC, 392819
CDR, 392824
CC, 392825
CDR, 392838
CC, 392840
CDR, 392853
LMP, 392860
CDR, 392863
LMP, 392865
LMP, 392891
CDR, 392892
LMP, 392900
CDR, 392917
LMP, 392926
CDR, 392928
CC, 392935
CMP, 392941
CC, 392943
CC, 392963
CMP, 392975
CC, 392981
CDR, 393039
LMP, 393041
CC, 393155
CMP, 393172
CDR, 393202
LMP, 393206
CDR, 393220
LMP, 393240
CDR, 393243
LMP, 393245
LMP, 393266
CDR, 393268
LMP, 393275
CDR, 393280
LMP, 393288
CDR, 393292
LMP, 393298
CDR, 393300
LMP, 393305
CDR, 393314
LMP, 393329
CDR, 393332
LMP, 393333
CDR, 393343
LMP, 393345
CDR, 393347
LMP, 393372
CDR, 393386
LMP, 393390
CDR, 393394
CDR, 393398
LMP, 393409
CDR, 393446
LMP, 393449
CDR, 393474
LMP, 393485
CDR, 393494
LMP, 393495
CDR, 393508
LMP, 393509
LMP, 393531
CDR, 393533
CDR, 393556
CC, 393560
LMP, 393576
CC, 393577
CMP, 393586
LMP, 393587
CDR, 393588
CDR, 393638
LMP, 393640
CDR, 393641
LMP, 393656
CDR, 393658
LMP, 393660
LMP, 393667
CDR, 393669
CDR, 393678
CC, 393682
CDR, 393699
CC, 393702
LMP, 393714
CC, 393720
LMP, 393729
CC, 393731
LMP, 393748
CC, 393754
CC, 393768
CDR, 393779
CC, 393790
CDR, 393791
LMP, 393815
CDR, 393818
CDR, 393823
CDR, 393888
CDR, 393888
CC, 393930
CDR, 393945
CDR, 394014
LMP, 394019
CDR, 394023
LMP, 394025
CDR, 394033
LMP, 394048
LMP, 394071
CDR, 394075
LMP, 394081
CDR, 394082
CDR, 394097
LMP, 394135
CDR, 394138
CDR, 394223
CDR, 394253
CC, 394265
CC, 394339
CDR, 394346
LMP, 394405
CDR, 394407
LMP, 394410
LMP, 394438
CDR, 394452
LMP, 394494
CDR, 394496
CC, 394530
LMP, 394543
CDR, 394556
LMP, 394567
CDR, 394568
CDR, 394592
LMP, 394595
CDR, 394597
LMP, 394602
CDR, 394615
LMP, 394617
CDR, 394628
CC, 394642
LMP, 394660
CDR, 394664
LMP, 394672
CDR, 394680
CC, 394685
CC, 394702
CDR, 394713
LMP, 394715
CDR, 394716
LMP, 394721
CDR, 394722
CDR, 394746
LMP, 394747
CDR, 394751
LMP, 394783
CDR, 394797
LMP, 394818
CDR, 394827
LMP, 394830
CDR, 394848
CC, 394868
CDR, 394878
LMP, 394888
LMP, 394907
CDR, 394913
LMP, 394916
CDR, 394938
CDR, 394948
LMP, 394962
CDR, 394970
LMP, 394973
CDR, 394981
CDR, 394985
CDR, 394988
LMP, 394996
CDR, 394998
LMP, 395004
LMP, 395027
CDR, 395034
MS, 395047
CDR, 395049
LMP, 395051
CDR, 395063
LMP, 395068
LMP, 395095
LMP, 395111
LMP, 395130
CDR, 395145
LMP, 395161
CDR, 395165
LMP, 395168
CDR, 395170
LMP, 395172
CDR, 395180
CDR, 395185
LMP, 395190
CDR, 395200
LMP, 395224
CC, 395260
LMP, 395265
CC, 395270
LMP, 395272
LMP, 395305
LMP, 395310
CDR, 395346
LMP, 395353
LMP, 395377
CDR, 395382
LMP, 395384
LMP, 395428
CDR, 395459
CC, 395465
CDR, 395490
CC, 395495
LMP, 395506
LMP, 395539
CC, 395547
CDR, 395560
CDR, 395615
LMP, 395618
CDR, 395625
LMP, 395633
LMP, 395647
CDR, 395680
LMP, 395698
CC, 395702
LMP, 395721
CDR, 395725
LMP, 395732
LMP, 395743
CC, 395750
LMP, 395757
LMP, 395774
CDR, 395784
LMP, 395785
CDR, 395795
LMP, 395798
LMP, 395808
CDR, 395811
LMP, 395821
CDR, 395823
LMP, 395824
CDR, 395850
LMP, 395853
CDR, 395862
LMP, 395865
CDR, 395866
LMP, 395870
CDR, 395873
LMP, 395875
CDR, 395879
LMP, 395881
CDR, 395882
LMP, 395886
CC, 395895
CC, 395900
CDR, 395908
LMP, 395912
CC, 395920
CC, 395930
CDR, 395935
LMP, 395941
CDR, 395945
CC, 395953
CDR, 395968
CC, 395975
CDR, 395980
CDR, 395992
CC, 395994
CDR, 395998
CC, 396010
CC, 396023
CDR, 396029
CC, 396041
CDR, 396052
CC, 396076
LMP, 396086
CC, 396093
CDR, 396102
CC, 396105
CDR, 396108
CC, 396140
CDR, 396142
CC, 396146
CC, 396156
CDR, 396162
CC, 396173
CDR, 396180
CDR, 396200
CC, 396204
LMP, 396216
CC, 396230
LMP, 396245
CDR, 396283
CDR, 396389
LMP, 396390
LMP, 396399
LMP, 396406
CDR, 396421
LMP, 396458
CC, 396478
LMP, 396506
CMP, 396533
CC, 396535
CMP, 396543
CC, 396545
CMP, 396554
CC, 396558
CMP, 396573
CC, 396575
CMP, 396579
CC, 396583
CMP, 396590
LMP, 396616
CDR, 396633
CDR, 396639
CC, 396741
CDR, 396747
CC, 396749
LMP, 396750
CC, 396752
LMP, 396795
CC, 396810
CC, 396817
LMP, 396822
LMP, 396845
LMP, 396878
LMP, 396906
CC, 396947
CDR, 396960
CC, 396962
CC, 396969
CDR, 396983
CC, 396985
PRESIDENT, 396990
CDR, 397064
PRESIDENT, 397092
LMP, 397101
CC, 397111
CMP, 397117
CC, 397119
CMP, 397133
CC, 397136
CMP, 397193
CC, 397195
LMP, 397206
CC, 397268
CMP, 397280
LMP, 397284
CDR, 397360
LMP, 397361
CDR, 397365
LMP, 397366
CDR, 397371
LMP, 397375
LMP, 397384
LMP, 397412
CC, 397451
LMP, 397463
CC, 397465
LMP, 397470
CC, 397475
LMP, 397509
CC, 397541
CC, 397565
CC, 397615
CMP, 397623
CC, 397625
CMP, 397640
LMP, 397702
LMP, 397889
CC, 397899
LMP, 397903
CC, 397907
LMP, 397908
LMP, 398053
LMP, 398152
CDR, 398156
CMP, 398218
CC, 398221
CMP, 398229
CC, 398245
CMP, 398248
CC, 398278
CC, 398307
CC, 398344
CMP, 398354
CC, 398359
LMP, 398396
CC, 398412
LMP, 398418
CC, 398453
LMP, 398458
CDR, 398467
LMP, 398485
CDR, 398521
CC, 398534
CC, 398559
LMP, 398570
LMP, 398598
LMP, 398613
CDR, 398630
CC, 398635
CDR, 398643
CC, 398685
CDR, 398703
CDR, 398796
CC, 398837
LMP, 398838
CDR, 398857
LMP, 398875
LMP, 398884
LMP, 398928
LMP, 399026
CDR, 399034
LMP, 399089
LMP, 399121
CDR, 399125
CC, 399127
CC, 399136
LMP, 399140
LMP, 399147
CC, 399167
LMP, 399177
CC, 399180
LMP, 399188
CC, 399193
LMP, 399218
CC, 399226
LMP, 399243
CC, 399245
CMP, 399254
CC, 399256
LMP, 399342
CC, 399349
LMP, 399390
CC, 399411
CDR, 399425
CDR, 399459
CC, 399463
LMP, 399470
CDR, 399473
CDR, 399488
LMP, 399496
CDR, 399499
LMP, 399504
CDR, 399524
LMP, 399530
CDR, 399535
LMP, 399543
CDR, 399547
LMP, 399550
CDR, 399559
LMP, 399565
CDR, 399600
LMP, 399728
CC, 399754
LMP, 399769
CDR, 399837
CC, 399856
LMP, 399863
CDR, 399870
LMP, 399877
CDR, 399888
LMP, 399893
CDR, 399896
LMP, 399897
CC, 399919
LMP, 399928
CDR, 399963
CDR, 399980
LMP, 399994
LMP, 400016
CC, 400022
LMP, 400030
LMP, 400058
CC, 400088
CDR, 400093
CC, 400095
CDR, 400125
CC, 400127
CC, 400147
CDR, 400156
LMP, 400158
CDR, 400183
LMP, 400190
CC, 400200
CC, 400225
CMP, 400234
CC, 400236
CMP, 400247
CC, 400249
CC, 400275
LMP, 400291
CC, 400352
LMP, 400513
CC, 400522
LMP, 400535
CDR, 400546
LMP, 400557
CC, 400563
MS, 400564
CDR, 400570
LMP, 400571
CC, 400573
CDR, 400585
LMP, 400611
CDR, 400624
CC, 400684
LMP, 400694
CC, 400702
CMP, 400712
CC, 400717
CMP, 400731
LMP, 400739
CC, 400752
CDR, 400759
CC, 400769
CDR, 400784
CDR, 400798
LMP, 400801
CDR, 400803
LMP, 400804
CDR, 400805
LMP, 400807
CDR, 400809
LMP, 400811
CC, 400865
LMP, 400876
CC, 400940
LMP, 400950
CDR, 400954
LMP, 400973
CDR, 400976
LMP, 400979
CC, 400987
LMP, 400999
LMP, 401044
CDR, 401047
LMP, 401058
CDR, 401079
LMP, 401089
CDR, 401092
LMP, 401093
CDR, 401096
LMP, 401098
CC, 401104
LMP, 401157
CDR, 401158
CDR, 401182
LMP, 401184
CDR, 401185
LMP, 401207
CDR, 401219
LMP, 401225
CDR, 401228
LMP, 401243
CDR, 401244
LMP, 401246
CC, 401282
CDR, 401292
CC, 401297
CDR, 401338
LMP, 401340
LMP, 401374
CDR, 401379
LMP, 401401
LMP, 401445
CDR, 401464
LMP, 401490
CDR, 401506
LMP, 401515
CDR, 401518
CC, 401522
CDR, 401529
CC, 401626
LMP, 401633
CDR, 401636
LMP, 401641
CDR, 401660
LMP, 401670
CDR, 401676
LMP, 401683
CDR, 401687
LMP, 401701
LMP, 401712
CDR, 401716
LMP, 401740
LMP, 401751
CDR, 401792
LMP, 401793
CDR, 401799
LMP, 401814
CDR, 401816
LMP, 401822
CDR, 401824
CDR, 401832
LMP, 401833
CC, 401841
CDR, 401855
CC, 401862
CDR, 401868
LMP, 401888
CDR, 401906
LMP, 401913
CDR, 401916
LMP, 401918
CDR, 401938
LMP, 401953
CDR, 401965
LMP, 401992
LMP, 402002
CDR, 402016
LMP, 402020
CDR, 402023
LMP, 402037
CC, 402044
LMP, 402049
CC, 402054
CC, 402071
LMP, 402084
CC, 402088
CC, 402766
CC, 402778
CDR, 402811
CC, 402818
CC, 402852
CDR, 402968
CDR, 402978
CC, 402985
CDR, 402990
CDR, 403004
CC, 403007
CDR, 403013
CC, 403016
CC, 403181
LMP, 403195
CC, 403200
CC, 403566
CMP, 403572
CC, 403576
CMP, 403596
CC, 403598
CMP, 403619
CC, 403733
CMP, 403751
CC, 404084
CMP, 404093
CC, 404096
CMP, 404122
CMP, 404149
CC, 404151
CC, 404226
CMP, 404259
CC, 404265
CC, 404283
CMP, 404289
CC, 404301
CMP, 404310
CC, 404314
CMP, 404319
CC, 404442
CDR, 404456
CC, 404474
CDR, 404491
CC, 404516
CDR, 404522
CC, 404526
CMP, 404540
CC, 404547
CMP, 404554
CC, 404557
CMP, 404595
CC, 404611
CMP, 404625
CMP, 404639
CC, 404650
CC, 404665
CMP, 404678
CC, 404688
CC, 404722
CMP, 404740
CC, 404742
CMP, 404753
CMP, 405239
CC, 405246
CMP, 405252
CC, 405257
CMP, 405263
CC, 405269
CMP, 405285
CC, 405300
CMP, 405312
CC, 405318
CMP, 405332
CC, 405348
CC, 405359
CC, 405826
LMP, 405832
CC, 405835
LMP, 405848
LMP, 405924
CC, 405929
LMP, 405974
CC, 406005
CMP, 406046
CMP, 406069
CDR, 406070
CC, 406074
CMP, 406084
CC, 406086
CMP, 406093
CC, 406101
CMP, 406107
CC, 406114
CMP, 406120
CC, 406126
CDR, 406155
CC, 406157
CDR, 406163
CC, 406193
CDR, 406211
CMP, 406396
CC, 406410
CMP, 406419
CC, 406505
LMP, 406549
CC, 406554
LMP, 406566
CC, 406572
LMP, 406588
CC, 406616
CC, 406641
LMP, 406661
CDR, 406779
CC, 406791
LMP, 406801
CC, 406806
CMP, 407079
CC, 407083
CMP, 407088
CC, 407097
CC, 407505
CC, 407517
CMP, 407523
CC, 407525
CMP, 407543
CC, 407546
CMP, 407608
CC, 407720
CMP, 407734
CC, 407738
CMP, 407739
CC, 407741
CMP, 407751
CC, 407759
CMP, 407778
CC, 407787
CMP, 407807
CC, 407809
CC, 407854
CDR, 407862
CC, 407864
CDR, 407872
CC, 407879
CC, 409583
CDR, 409589
CC, 409592
CDR, 409624
LMP, 409639
CC, 409642
LMP, 409660
CC, 409669
CDR, 409685
CC, 409690
CC, 409830
CDR, 409839
CC, 410390
CDR, 410399
CC, 410402
CDR, 410413
CC, 410416
CDR, 410423
CC, 410426
LMP, 410428
CC, 410430
CDR, 410434
CC, 410436
CC, 410614
CC, 410719
CMP, 410733
CC, 410735
CMP, 410748
CC, 410750
CMP, 410773
CC, 410775
CMP, 410780
CC, 410963
CMP, 410986
CC, 410989
CC, 411018
CDR, 411028
CC, 411034
CDR, 411037
CDR, 411507
CC, 411511
CDR, 411527
CC, 411531
CC, 411688
CDR, 411694
CC, 411696
CDR, 411740
CC, 411743
CDR, 411766
LMP, 411768
CC, 411771
LMP, 411846
CC, 411867
LMP, 411929
CC, 411934
LMP, 411943
CC, 411946
CC, 412013
CMP, 412020
CC, 412022
CMP, 412061
CC, 412062
CC, 412089
LMP, 412096
CC, 412099
LMP, 412144
CDR, 412195
CC, 412223
CC, 412251
LMP, 412252
CC, 412257
CC, 412260
CC, 412274
CDR, 412282
CC, 412287
LMP, 412298
LMP, 412303
CC, 412305
LMP, 412348
CC, 412352
CC, 412386
CDR, 412415
CC, 412419
CC, 412432
CDR, 412433
CC, 412439
LMP, 412456
CC, 412471
CDR, 412502
CC, 412522
CDR, 412537
CC, 412566
CDR, 412600
CC, 412629
LMP, 412662
CC, 412704
LMP, 412729
CC, 412788
LMP, 412801
CC, 412802
LMP, 412819
CC, 412866
LMP, 412887
CC, 412942
LMP, 412979
CC, 413003
LMP, 413041
CC, 413048
CDR, 413071
CC, 413092
LMP, 413132
CC, 413146
LMP, 413147
CC, 413150
CDR, 413185
CC, 413205
CDR, 413216
CC, 413218
LMP, 413232
CC, 413341
LMP, 413354
CC, 413538
LMP, 413547
CC, 413548
LMP, 413568
CC, 413571
LMP, 413577
CC, 435544
CMP, 435552
CC, 435554
CMP, 435557
CC, 435558
CMP, 435560
CC, 435563
CC, 435597
CMP, 435629
CC, 435634
CMP, 435654
CC, 435656
CC, 435724
CMP, 435732
CC, 435744
CMP, 435751
CC, 435755
CC, 435898
CMP, 435908
CC, 435909
CMP, 435926
CC, 435928
CMP, 435958
CC, 435960
CMP, 435992
CC, 436011
CMP, 436025
CC, 436026
CMP, 436043
CC, 436057
CMP, 436070
CC, 436073
CMP, 436080
CC, 436085
CMP, 436094
CC, 436115
CMP, 436124
CC, 436127
CC, 436133
CMP, 436139
CC, 436142
CMP, 436151
CC, 438036
CDR, 438045
CC, 438049
LMP, 438062
CC, 438074
CDR, 438125
CC, 438134
CDR, 438141
CC, 438153
CDR, 438179
CC, 438181
CDR, 438203
CC, 438205
CDR, 438215
CC, 438224
CDR, 438261
CC, 438269
CDR, 438290
CC, 438291
CDR, 438362
CC, 438380
CC, 438413
CDR, 438422
CC, 438424
CDR, 438457
CC, 438458
CDR, 438502
CC, 438509
CDR, 438550
CC, 438552
CDR, 438587
CC, 438601
CDR, 438635
CC, 438640
CC, 438649
CDR, 438668
CC, 438681
CDR, 438749
CC, 439098
CC, 439157
CMP, 439173
CC, 439175
CMP, 439187
CC, 439188
CMP, 439195
CC, 439212
LMP, 439221
CC, 439230
LMP, 439236
CMP, 439239
CC, 439241
CMP, 439251
CC, 439272
CMP, 439286
CC, 439289
LMP, 439535
CC, 439547
CC, 439555
CMP, 439903
CC, 439912
CMP, 439917
CC, 439922
CC, 440036
CC, 440073
CC, 440147
LMP, 440156
CDR, 440218
CC, 440221
CDR, 440227
CC, 440230
CC, 440280
LMP, 440301
CDR, 440435
CC, 440450
CDR, 440463
CC, 440491
LMP, 440516
CC, 440524
CDR, 440538
CC, 440561
LMP, 440570
CC, 440585
LMP, 440591
CDR, 440649
CC, 440652
CMP, 440663
CC, 440665
LMP, 440680
CMP, 440691
CC, 440697
LMP, 440709
CC, 440721
CMP, 440728
CC, 440736
CDR, 440756
CC, 440763
CC, 440773
CDR, 440782
CC, 440784
CMP, 440794
CC, 440796
CMP, 440834
CC, 440841
CC, 440877
LMP, 440887
CC, 440889
CDR, 440904
CC, 440907
CDR, 440924
CC, 440926
LMP, 440927
CC, 440932
CC, 441010
CDR, 441011
CC, 441015
CMP, 441023
CC, 441036
CMP, 441068
CC, 441080
CMP, 441088
CC, 441095
CMP, 441103
CMP, 441126
CC, 441135
CMP, 441142
CMP, 441163
CC, 441172
CC, 441211
CMP, 441224
CC, 441234
CC, 441324
CMP, 441344
CDR, 441354
CMP, 441357
CDR, 441361
CC, 441380
CDR, 441391
CC, 441429
CC, 441448
CC, 441453
CMP, 441464
CDR, 441718
CC, 441756
CC, 441786
CDR, 441799
CC, 441810
CDR, 441817
CC, 441828
CC, 441862
CC, 441897
LMP, 441952
CC, 441962
LMP, 441979
CC, 442023
CC, 442110
LMP, 442224
CC, 442239
CC, 442254
CC, 442282
CDR, 442293
CC, 442296
CDR, 442398
CC, 442406
CDR, 442427
CC, 442470
CDR, 442490
CC, 442492
CDR, 442581
CC, 442630
LMP, 442646
CC, 442654
CC, 442668
CMP, 442715
CC, 442718
CMP, 442733
CC, 442737
CMP, 442812
CC, 442835
CC, 442860
CMP, 442872
CC, 442909
CMP, 442918
CC, 442922
CMP, 442931
CC, 442934
CMP, 442940
CC, 443143
CMP, 443152
CC, 443153
CMP, 443200
CC, 443206
CMP, 443214
CC, 443216
CC, 443272
CDR, 443284
LMP, 443286
CMP, 443290
CDR, 443295
CDR, 443432
CC, 443575
CDR, 443585
CC, 443656
CC, 443672
CDR, 443682
CC, 443685
CDR, 443693
CC, 443695
CDR, 443741
CC, 443744
CC, 443915
CDR, 443921
CC, 443923
LMP, 443948
CC, 443977
CC, 444043
LMP, 444054
CC, 444060
LMP, 444065
CC, 444075
CDR, 444093
CC, 444097
CC, 444165
LMP, 444172
CC, 444174
LMP, 444190
CC, 444194
LMP, 444216
CC, 444224
CC, 444343
LMP, 444360
CC, 444361
LMP, 444385
CC, 444389
LMP, 444412
LMP, 444430
CC, 444445
CC, 444641
CDR, 444646
CC, 444648
CDR, 444675
LMP, 444684
CC, 444698
LMP, 444712
CC, 444726
CDR, 444821
LMP, 444824
CC, 444827
LMP, 445455
CC, 445461
LMP, 445468
CC, 445471
LMP, 445475
CC, 445479
LMP, 445684
CC, 445692
LMP, 445693
CC, 445703
LMP, 445712
CMP, 446119
CC, 446123
CMP, 446133
CC, 446136
CMP, 446152
CC, 446161
CMP, 446166
CC, 446175
LMP, 446180
CC, 446181
LMP, 446213
CC, 446215
CC, 446256
CMP, 446263
CMP, 446289
CC, 446299
CMP, 446316
CC, 446321
CDR, 446331
CC, 446334
CMP, 446340
CC, 446343
CC, 446487
CC, 446516
CC, 446519
CC, 446520
CC, 446606
CDR, 446611
CC, 446612
CDR, 446628
CC, 446683
CDR, 446689
CC, 446691
LMP, 446700
CC, 446704
CDR, 446747
CC, 446763
LMP, 446772
CC, 446775
LMP, 446784
LMP, 446933
CC, 446940
LMP, 446942
CC, 446957
LMP, 446995
CC, 447002
LMP, 447026
CC, 447031
LMP, 447032
CC, 447126
LMP, 447140
CC, 447144
LMP, 447190
CC, 447195
CMP, 447284
CDR, 447290
LMP, 447437
CDR, 447438
LMP, 447439
CDR, 447443
LMP, 447444
LMP, 447454
CDR, 447462
CC, 447464
LMP, 447469
CC, 447503
CDR, 447509
LMP, 447566
CC, 447599
CC, 447600
LMP, 447605
LMP, 447658
LMP, 447693
CDR, 447704
LMP, 447714
LMP, 447727
LMP, 447729
CC, 447760
LMP, 447767
LMP, 447772
CC, 447784
LMP, 447790
LMP, 447799
CC, 447811
LMP, 447817
CC, 447839
LMP, 447846
LMP, 447872
CC, 447876
LMP, 447878
CC, 447901
CDR, 447907
LMP, 447917
CDR, 447921
LMP, 447922
CDR, 447935
CC, 447939
CC, 447961
LMP, 447972
CC, 447978
LMP, 447993
LMP, 448016
CC, 448030
LMP, 448033
CDR, 448037
LMP, 448060
CC, 448082
LMP, 448089
CC, 448093
LMP, 448114
LMP, 448121
LMP, 448136
LMP, 448151
LMP, 448157
LMP, 448163
CC, 448173
LMP, 448175
LMP, 448185
CC, 448190
LMP, 448193
LMP, 448214
CC, 448233
LMP, 448243
CMP, 448245
CDR, 448253
CMP, 448257
CDR, 448259
LMP, 448260
CC, 448267
LMP, 448274
CC, 448283
CC, 448304
LMP, 448312
CC, 448364
CDR, 448375
CC, 448395
CDR, 448406
CMP, 448417
CMP, 448449
CC, 448523
CMP, 448537
CC, 448649
CDR, 448659
CC, 448661
CC, 448746
CMP, 448752
LMP, 448764
CC, 448771
LMP, 448773
CC, 448781
LMP, 448795
CC, 448825
CMP, 448876
LMP, 448880
CMP, 448883
LMP, 448886
CC, 448903
LMP, 448915
CC, 448933
LMP, 448971
CC, 449280
CDR, 449286
CC, 449287
CDR, 449304
CC, 449306
CDR, 449320
LMP, 449343
LMP, 449366
CMP, 449382
LMP, 449386
CDR, 449388
LMP, 449390
CMP, 449398
LMP, 449402
CMP, 449414
CC, 449421
LMP, 449422
CC, 449423
LMP, 449425
CMP, 449429
LMP, 449435
LMP, 449454
CMP, 449458
LMP, 449466
CDR, 449526
LMP, 449528
CMP, 449532
LMP, 449533
CMP, 449538
MS, 449539
CMP, 449540
LMP, 449546
CMP, 449556
CC, 449560
CMP, 449571
LMP, 449581
CC, 449587
LMP, 449598
CC, 449608
LMP, 449642
LMP, 449666
LMP, 449699
LMP, 449728
LMP, 449754
LMP, 449823
CC, 449844
LMP, 449912
CMP, 449916
CDR, 449924
CMP, 449933
CMP, 449944
CMP, 449950
CC, 449952
CMP, 449957
CC, 449964
CDR, 449977
CC, 449979
CMP, 450029
LMP, 450044
CMP, 450057
CC, 450067
CDR, 450083
LMP, 450120
CMP, 450124
CC, 450140
CC, 450180
CMP, 450195
CC, 450200
CMP, 450218
CC, 450294
CMP, 450300
CC, 450302
CMP, 450312
CC, 450357
LMP, 450382
CC, 450395
LMP, 450407
CC, 450412
CMP, 450418
CC, 450422
CC, 450489
CDR, 450498
CMP, 453207
CC, 453231
CMP, 453312
CMP, 453329
CMP, 453375
CC, 453377
CMP, 453386
CC, 453407
CMP, 453426
CMP, 453442
CMP, 453458
CMP, 453492
LMP, 453504
CC, 453507
LMP, 453516
CC, 453526
LMP, 453541
LMP, 453564
CC, 453597
LMP, 453604
CC, 453618
CMP, 453628
CMP, 453641
LMP, 453646
CC, 453654
CC, 453675
LMP, 453684
CC, 453698
CC, 453707
CMP, 453717
CDR, 453729
CC, 453738
CMP, 453800
CDR, 453809
CMP, 453810
CC, 453865
CC, 453904
CMP, 453909
CDR, 453939
CC, 453950
CDR, 453960
LMP, 454052
CC, 454112
CC, 454120
CC, 454182
CC, 454199
LMP, 454216
CC, 454218
LMP, 454229
CMP, 454243
LMP, 454278
CDR, 454291
CC, 454302
CMP, 454323
CC, 454328
CC, 454342
CDR, 454350
CDR, 454361
CC, 454365
CDR, 454381
CC, 454400
CMP, 454427
CDR, 454433
LMP, 454438
CMP, 454443
LMP, 454445
CMP, 454459
LMP, 454466
CC, 454506
LMP, 454515
LMP, 454528
CMP, 454638
CDR, 454640
CMP, 454641
CMP, 454651
CMP, 454729
CDR, 454731
CMP, 454732
CC, 454787
CMP, 454837
LMP, 454846
CC, 454864
CDR, 454868
CC, 454869
CDR, 454875
LMP, 454940
CC, 454946
CC, 455053
LMP, 455059
CC, 455060
CDR, 455075
CC, 455079
LMP, 455080
CC, 455189
CMP, 455198
CC, 455199
LMP, 455555
CMP, 455563
LMP, 455568
LMP, 455585
LMP, 455595
LMP, 455605
CMP, 455609
LMP, 455701
SC, 455952
LMP, 455992
CMP, 456050
LMP, 456175
LMP, 456176
CMP, 456256
LMP, 456265
CMP, 456304
CMP, 456312
LMP, 456318
CMP, 456324
CMP, 456340
LMP, 456344
CMP, 456356
LMP, 456391
LMP, 456487
CMP, 456494
CC, 456521
LMP, 456525
CC, 456527
LMP, 456543
CC, 456685
LMP, 456690
CC, 456692
LMP, 456712
LMP, 456771
CMP, 456778
LMP, 456781
CMP, 456784
CC, 456846
CMP, 456852
CC, 456853
CMP, 456863
CC, 456866
CMP, 456870
CMP, 456872
CC, 456899
CMP, 456908
CC, 456927
CMP, 456936
CMP, 456955
CDR, 456958
CC, 457040
LMP, 457098
CMP, 457102
LMP, 457103
CMP, 457121
CDR, 457255
CMP, 457263
CMP, 457352
CDR, 457358
CMP, 457360
CDR, 457363
CMP, 457367
CDR, 457432
CMP, 457434
CMP, 457476
CDR, 457480
CMP, 457482
CC, 457483
CDR, 460302
CC, 460320
CDR, 460325
CC, 460328
CDR, 460453
CDR, 460479
CDR, 460495
CC, 460590
CDR, 460595
CDR, 460654
CMP, 460660
CDR, 460850
CDR, 460856
CDR, 460992
CMP, 460997
LMP, 461010
CMP, 461023
CMP, 461069
CDR, 461090
CMP, 461109
CMP, 461119
CDR, 461122
CMP, 461136
CC, 461139
CMP, 461144
CC, 461155
CMP, 461174
CMP, 461219
CC, 461228
CMP, 461233
CMP, 461244
CC, 461252
CMP, 461265
CC, 461270
CMP, 461336
CC, 461346
CMP, 461463
CC, 461467
CMP, 461495
CC, 461512
CMP, 461637
CC, 461647
CMP, 461653
CC, 461663
CMP, 462003
LMP, 462007
CMP, 462008
LMP, 462012
CMP, 462022
LMP, 462027
LMP, 462510
CMP, 462512
CC, 462610
LMP, 462616
CC, 462617
LMP, 462634
LMP, 462647
CC, 462658
LMP, 462684
CC, 462725
LMP, 462730
CC, 462731
CDR, 462748
LMP, 462754
CC, 462758
LMP, 462764
CC, 462776
LMP, 462788
CC, 462802
CMP, 462991
CC, 462998
CMP, 463022
CMP, 463087
CC, 463102
CMP, 463116
CC, 463120
CMP, 463153
LMP, 463209
CC, 463212
LMP, 463218
CC, 463227
CC, 463314
LMP, 463322
CC, 463325
LMP, 463346
CMP, 463367
CC, 463370
CMP, 463376
CC, 463380
CDR, 463402
CC, 463403
CDR, 463415
CC, 463418
CC, 463507
CMP, 463513
CC, 463515
CMP, 463522
CC, 463536
CMP, 463543
CC, 463548
CC, 463610
CDR, 463626
CC, 463627
CDR, 463639
CMP, 463668
CMP, 463704
CC, 463768
CDR, 463775
CC, 463776
CDR, 463787
CMP, 463820
CC, 464026
CDR, 464033
CC, 464034
CDR, 464052
CC, 464054
CDR, 464063
CC, 464068
CDR, 464079
CC, 464096
CC, 464283
CMP, 464305
CMP, 464323
CC, 464327
CC, 464512
CMP, 464522
CC, 467455
CDR, 467462
CC, 467471
CDR, 467485
CC, 467486
CDR, 467514
CC, 467518
CDR, 467529
CC, 467534
CDR, 467539
CC, 467541
CC, 467647
CMP, 467665
CDR, 467679
CC, 467691
CDR, 467705
CC, 467717
CDR, 467724
LMP, 467761
CC, 467771
CC, 467840
CMP, 467861
CC, 467869
CMP, 467893
CC, 467900
CC, 467921
CMP, 467936
CC, 468133
CMP, 468139
CC, 468141
CMP, 468166
CC, 468168
CC, 468274
CC, 468623
LMP, 468632
CC, 468635
LMP, 468636
CC, 468653
CDR, 468665
CC, 468668
LMP, 468679
CC, 468695
CC, 468763
CMP, 468776
CC, 469009
CMP, 469021
CC, 469023
CMP, 469035
CC, 469037
CMP, 469043
CC, 469046
CMP, 469051
CMP, 469062
CC, 469067
CMP, 469076
CC, 469145
CMP, 469149
CC, 469150
CDR, 469151
CC, 469152
CMP, 469173
CC, 469256
CMP, 469262
CC, 469264
CMP, 469273
CC, 469274
CMP, 469335
CC, 469352
CC, 469451
CMP, 469459
CC, 469479
CMP, 469498
CC, 469550
CMP, 469572
CMP, 469824
CC, 469838
CMP, 469843
CMP, 470004
CC, 470013
CC, 470080
CMP, 470086
CC, 470087
CMP, 470113
CC, 470128
CMP, 470230
CC, 470234
CC, 470414
CMP, 470806
CC, 470810
CMP, 470814
CC, 470825
CMP, 470846
CC, 470847
CC, 470859
CMP, 470872
CC, 470877
CMP, 470887
CMP, 470922
CC, 470927
CMP, 470937
CC, 470940
CMP, 470947
CC, 470958
CMP, 470959
CC, 470962
CMP, 470988
CDR, 470995
CC, 470999
CC, 471008
CMP, 471015
CC, 471096
CMP, 471105
CC, 471108
CMP, 471113
CC, 471428
CMP, 471444
CC, 471626
CMP, 471638
CC, 471641
CMP, 471655
CC, 474569
LMP, 474582
CC, 476160
CDR, 476169
CC, 476171
CC, 476241
CC, 476280
CC, 476332
CC, 476361
CDR, 476482
CC, 476484
CC, 476502
CMP, 476526
CC, 476530
CMP, 476679
CC, 476758
CC, 478382
CC, 481784
CMP, 481794
CC, 481796
CMP, 481808
CC, 481812
CMP, 481818
CC, 481822
CC, 481962
CMP, 481987
CC, 481988
CMP, 481989
CC, 481990
CC, 482011
CMP, 482021
CC, 482043
CMP, 482065
CC, 482409
LMP, 482412
CC, 482414
LMP, 482420
CC, 482441
LMP, 482456
LMP, 482474
CC, 482476
LMP, 482654
CC, 482743
LMP, 482761
CC, 482769
LMP, 482777
CC, 482778
LMP, 482784
CC, 482787
LMP, 482845
CC, 482876
LMP, 482891
CC, 482898
LMP, 482906
CC, 482909
CC, 483413
CMP, 483425
CC, 483427
CMP, 483443
CC, 483448
CC, 483622
CMP, 483631
CC, 483633
CC, 484673
CMP, 484679
CC, 485365
CMP, 485383
CC, 485386
CC, 485795
CMP, 485801
CC, 488114
CMP, 488122
CC, 488125
CDR, 488133
CC, 488161
CC, 488176
CDR, 488187
CDR, 488188
CC, 488191
CC, 488208
CDR, 488219
CC, 488230
CC, 488258
CDR, 488271
CMP, 488273
CC, 488279
CMP, 488280
CC, 488281
CC, 488844
CMP, 488856
CC, 488857
CC, 489007
CMP, 489016
CC, 489018
CMP, 489038
CC, 489045
CMP, 489051
CC, 489069
CC, 489286
LMP, 489306
CC, 489340
LMP, 489341
CC, 489343
CC, 489577
CMP, 489590
CC, 489595
CMP, 489600
CC, 490837
CMP, 490842
CC, 490845
CC, 490872
CMP, 490887
CC, 490893
CMP, 490900
CC, 490914
CMP, 490923
CC, 490924
CMP, 490932
CC, 490934
CC, 491051
CMP, 491066
CC, 491288
CMP, 491301
CC, 491352
CMP, 491362
CC, 492146
CMP, 492156
CC, 492158
CMP, 492165
CC, 492168
CMP, 492170
CC, 492746
CMP, 492753
CC, 492765
CDR, 492770
CC, 492772
CDR, 492801
CC, 492810
CC, 492853
CMP, 492867
CC, 492869
CC, 492897
CDR, 492910
CMP, 492926
CC, 492934
CMP, 492939
CC, 492943
CDR, 492974
CC, 492989
CDR, 492997
CC, 493016
CC, 493020
CDR, 493032
CDR, 493068
CC, 493080
CDR, 493105
CC, 493110
CMP, 493118
CC, 493149
CMP, 493161
CC, 493162
CMP, 493173
CMP, 493238
CC, 493240
CMP, 493244
CC, 493259
CMP, 493265
CC, 494221
CDR, 494229
CC, 494231
CDR, 494257
CC, 494270
CDR, 494282
CC, 494301
CDR, 494315
CC, 494330
CMP, 494469
CC, 494476
CC, 494529
CMP, 494550
CC, 494731
CMP, 494742
CMP, 495012
CC, 495014
CMP, 495019
CC, 495101
CMP, 495106
CC, 495441
CC, 495454
CC, 495505
CMP, 495522
CC, 495530
CMP, 495537
CC, 495542
CMP, 495561
CC, 495566
CC, 495703
CC, 495722
CMP, 495729
CC, 495730
CMP, 495740
CC, 495741
CC, 495926
CC, 495945
CC, 495990
LMP, 496003
CC, 496006
CC, 496038
CDR, 496047
LMP, 496050
CMP, 496053
CC, 496055
CMP, 496061
CC, 496912
CMP, 496919
CC, 496921
CDR, 496957
CMP, 496968
CC, 496972
CMP, 496979
CMP, 497019
CC, 497021
CMP, 497036
CC, 497180
CC, 497271
CMP, 497282
CC, 497283
CMP, 497294
CC, 497297
CMP, 497304
CMP, 532031
CC, 532044
CMP, 532051
CC, 532058
LMP, 532094
CC, 532096
LMP, 532164
CC, 532192
LMP, 532202
CC, 532204
LMP, 532250
CC, 532279
LMP, 532289
CC, 532296
CC, 532313
CC, 532911
CMP, 532917
CC, 532918
CMP, 532938
CMP, 532965
CC, 533038
CMP, 533047
CC, 533051
CC, 533234
CC, 533242
CC, 533243
CMP, 533251
CC, 533254
CMP, 533262
CC, 533270
CMP, 533274
CC, 533278
CMP, 533290
CDR, 533295
CC, 533300
CDR, 533310
CC, 533314
CDR, 533319
CC, 534168
LMP, 534181
CC, 534185
LMP, 534191
CC, 534193
LMP, 534412
CC, 534415
CC, 534825
LMP, 534855
CC, 534858
CC, 535121
CMP, 535128
CC, 535421
LMP, 535427
CC, 535429
CMP, 535476
CC, 535480
CMP, 535495
CC, 535499
CC, 535530
CMP, 535560
CC, 535664
CDR, 535669
CC, 535708
CC, 535848
LMP, 535856
CMP, 535916
CC, 535922
LMP, 536031
CC, 536117
CC, 536591
CMP, 536598
CC, 536600
CDR, 536613
CC, 536616
CDR, 536624
CC, 536628
CDR, 536657
CC, 536671
CDR, 536678
CC, 536684
CDR, 536697
CC, 536706
LMP, 536727
CDR, 536733
CC, 536737
CDR, 536740
CC, 536741
LMP, 536744
CC, 536771
CMP, 536796
CC, 536800
LMP, 536811
CC, 536820
LMP, 536824
CC, 536830
LMP, 536837
CC, 536854
CC, 537864
LMP, 537881
CC, 537893
LMP, 539067
CC, 539080
LMP, 539085
CC, 539094
LMP, 539107
CC, 539117
CC, 540619
CDR, 540633
CC, 540637
CC, 540756
CMP, 540768
CC, 540771
CC, 541711
LMP, 541719
CC, 541722
CMP, 541876
CC, 541893
CMP, 541903
CC, 541906
CMP, 541910
CC, 541914
CMP, 542614
CC, 542618
CMP, 542623
CC, 542632
CC, 543401
CDR, 543425
CC, 544129
CDR, 544136
CC, 544147
CDR, 544155
CC, 544157
CDR, 544174
CC, 544911
CDR, 544979
CDR, 545063
CC, 545067
CDR, 545072
CC, 545095
CDR, 545102
CC, 545107
CDR, 545111
CC, 545120
CDR, 545150
CC, 545166
CC, 545613
CDR, 545632
CDR, 545637
CC, 545639
CDR, 545664
CC, 545671
CDR, 545718
CDR, 545782
CC, 545818
LMP, 545845
CC, 545890
LMP, 545898
CC, 545938
LMP, 545942
CDR, 545947
CC, 545955
CDR, 545996
CC, 546077
CDR, 546088
CC, 546148
CC, 546170
CDR, 546180
CDR, 546230
CC, 546238
CC, 546382
CMP, 546387
CC, 546389
CMP, 546428
CC, 546437
CC, 546737
CMP, 546745
CC, 546747
CMP, 546789
CC, 546797
CC, 546819
CC, 548233
CC, 548314
CC, 548414
CC, 549308
CT, 549828
CC, 549834
CT, 549975
CC, 550006
CMP, 550011
CC, 550014
CMP, 550047
CC, 550051
CMP, 550068
CC, 550071
CMP, 550076
CC, 550086
CMP, 550109
CC, 550117
CMP, 550137
CMP, 550161
CMP, 551957
CC, 551961
CMP, 551967
CC, 551991
CMP, 552005
CC, 552029
CC, 552807
CMP, 552813
CC, 552815
CMP, 552832
CC, 552833
CMP, 552850
CC, 552854
CMP, 552868
CMP, 553187
CC, 553190
CC, 553385
CMP, 553403
CC, 553406
CMP, 553408
CC, 553411
CMP, 553428
CC, 553542
SC, 553992
CC, 554011
CMP, 554018
CC, 554021
CDR, 554035
CC, 554039
CC, 556858
LMP, 556865
CC, 556867
LMP, 556877
CC, 556882
LMP, 556899
CC, 556902
CC, 556912
LMP, 556918
CC, 556921
CC, 557171
LMP, 557179
CC, 557182
CC, 557451
CMP, 557469
CC, 557474
CMP, 557493
CC, 557497
LMP, 557509
CC, 557523
CMP, 557529
CC, 559388
CDR, 559406
CC, 559705
SC, 559715
CC, 559805
CC, 559965
CC, 560092
CDR, 560194
CC, 560196
CDR, 560200
CC, 560202
CC, 560226
CMP, 560227
CC, 560230
CMP, 560254
CC, 560255
CMP, 560262
CC, 560266
CMP, 560275
CC, 560282
CC, 560294
CDR, 560296
CDR, 560300
CC, 560302
CDR, 560432
CC, 560527
LMP, 560540
CC, 560542
CDR, 560543
CC, 560551
CDR, 560559
CC, 560563
CC, 560569
CC, 560594
LMP, 560599
CC, 560601
LMP, 560604
CC, 560677
LMP, 560687
CC, 560689
LMP, 560697
LMP, 560777
CC, 560804
LMP, 560823
LMP, 560873
CMP, 560892
CC, 560912
CMP, 560926
CC, 560947
CMP, 560952
CC, 560967
CMP, 560975
CMP, 561004
CMP, 561015
CMP, 561058
CC, 561074
CMP, 561083
CC, 561089
CMP, 561095
CMP, 561170
CC, 561174
CMP, 561175
CC, 561176
CDR, 561182
CC, 561192
CDR, 561220
CC, 561226
CDR, 561233
CC, 561236
CC, 561445
CMP, 561459
CC, 561478
CMP, 561487
CC, 561494
CMP, 561527
CC, 561533
CMP, 562040
CC, 562046
CMP, 562058
CC, 562065
CMP, 562072
CMP, 562083
CC, 562085
CMP, 562106
CC, 562120
LMP, 562138
CC, 562145
CMP, 562148
CC, 562150
CDR, 562156
CC, 562165
CMP, 562176
CC, 562179
CMP, 562181
CC, 562183
LMP, 562201
CC, 562205
CC, 562295
LMP, 562300
CC, 562306
CC, 562443
CMP, 562452
CC, 562457
CC, 562484
CMP, 562495
CDR, 562622
CC, 562624
CDR, 562630
CC, 562687
CDR, 562692
CC, 562932
CMP, 562942
CC, 562944
LMP, 562975
CC, 562977
LMP, 563004
CC, 563006
LMP, 563010
CC, 563012
LMP, 563026
CC, 563032
LMP, 563042
CC, 563046
CDR, 563063
CC, 563078
LMP, 563183
CC, 563192
CC, 563202
LMP, 563216
CC, 563218
LMP, 563892
CC, 563894
LMP, 563897
CC, 563912
LMP, 563916
CC, 563918
LMP, 564521
CC, 564522
LMP, 564525
CC, 564528
LMP, 564544
CC, 564551
CC, 564758
LMP, 564767
CC, 565435
CC, 565550
CMP, 565597
CC, 565600
CC, 568417
CDR, 568429
CC, 568430
CDR, 568434
CC, 568437
CDR, 568443
CC, 568446
CMP, 568592
CC, 568596
CMP, 568601
CC, 568603
CMP, 568611
CC, 568615
CMP, 568625
CC, 568628
CMP, 568647
CC, 568663
CC, 568690
CDR, 568695
CC, 568697
CDR, 568715
CC, 568725
CMP, 568741
CC, 568744
CMP, 568755
CC, 568759
CMP, 568766
CC, 568863
CDR, 569004
CC, 569008
CDR, 569012
CC, 569014
CDR, 569021
CC, 569029
CDR, 569041
CC, 569043
CMP, 569044
CC, 569049
CC, 569064
MS, 569071
CMP, 569073
CC, 569078
CMP, 569082
CC, 569086
CMP, 569101
CC, 569106
CMP, 569113
CC, 569119
CMP, 569127
CC, 570040
CMP, 570066
CC, 570068
CMP, 570081
CC, 570082
CMP, 570168
CC, 570170
CMP, 570171
LMP, 570204
CC, 570214
LMP, 570243
CC, 570245
LMP, 570248
CC, 570283
LMP, 570291
CC, 570317
LMP, 570330
CC, 570342
LMP, 570355
CC, 570357
CC, 570810
LMP, 570819
CC, 570821
CDR, 570841
CC, 570860
CDR, 570862
CC, 570866
CMP, 570867
CC, 570871
LMP, 570884
CC, 570887
CDR, 575344
CC, 575346
CDR, 575350
CC, 575368
CC, 575375
CDR, 575383
CDR, 575454
CC, 575456
CDR, 575459
CC, 575474
LMP, 575520
CC, 575522
LMP, 575727
CC, 575824
CC, 575931
LMP, 575951
CC, 575955
CC, 576054
CMP, 576073
CC, 576081
CC, 576199
CMP, 576206
CC, 576212
LMP, 576236
CC, 576244
LMP, 576253
CC, 576259
CC, 576267
LMP, 576279
CC, 576286
CMP, 576294
CC, 576297
CC, 577545
CC, 615596
CDR, 615604
CMP, 615609
CC, 615612
CDR, 615624
CC, 615627
CDR, 615631
CC, 615642
CDR, 615659
CC, 615667
LMP, 615682
LMP, 615710
CC, 615712
LMP, 615773
CC, 615780
CC, 615854
LMP, 615865
CC, 615875
LMP, 615909
CC, 615912
CMP, 615950
CC, 616007
CMP, 616023
CC, 616027
CMP, 616036
CC, 616039
CMP, 616197
CC, 616277
CMP, 616288
CDR, 616731
CC, 616740
CDR, 616748
CC, 616753
CDR, 616777
CC, 616934
CC, 617138
CMP, 617160
CC, 617163
CMP, 617200
CC, 617206
CMP, 617209
CC, 617212
CC, 617386
CMP, 617580
CC, 617610
CMP, 617612
CC, 617617
CC, 618815
LMP, 618825
CC, 618827
CMP, 618940
CC, 620236
CDR, 620242
CC, 620244
CMP, 620268
CC, 620485
CMP, 620495
CC, 620584
CMP, 620591
CC, 620602
CC, 624923
CDR, 624928
CC, 624929
CDR, 624942
CC, 624944
CC, 624974
CC, 625002
CC, 625048
CDR, 625058
CC, 625059
SC, 625109
CC, 625112
CC, 625134
CDR, 625159
CC, 625163
LMP, 625174
CMP, 625179
LMP, 625191
CC, 625193
CMP, 625204
CC, 625207
CC, 625665
LMP, 625670
CC, 625671
LMP, 625688
CC, 625693
CMP, 625701
CC, 625706
CMP, 625727
CC, 625732
CMP, 625758
CC, 625767
CMP, 625790
CC, 625800
CMP, 625966
CC, 625974
CMP, 625977
CC, 625985
CMP, 625992
CC, 626152
CMP, 626171
CMP, 626355
CC, 626365
CMP, 626375
CC, 626383
CMP, 626390
CC, 626392
CMP, 626405
CC, 626417
CMP, 626427
CC, 626438
CMP, 626450
CC, 626453
CMP, 626494
CC, 626527
LMP, 626536
CMP, 626540
CC, 626572
CMP, 626579
CMP, 626587
CC, 626617
CC, 626707
CMP, 626725
CDR, 626729
CC, 626759
CDR, 626772
CMP, 626775
CC, 626783
CMP, 626791
CC, 627189
CDR, 627205
CC, 627215
LMP, 627221
CMP, 627225
CC, 627230
CC, 627990
CMP, 627994
CC, 627997
CDR, 628047
CC, 628065
CMP, 628084
CC, 628115
CMP, 628927
CC, 628934
CMP, 628945
CC, 628952
CMP, 628960
CC, 628965
CMP, 628971
CMP, 629045
CC, 629055
CMP, 629061
CC, 629063
CMP, 629070
CC, 629081
CMP, 629090
CMP, 629468
CC, 629486
CC, 630434
CMP, 630439
CC, 630441
CDR, 630454
CC, 630456
CDR, 630459
CC, 630464
CDR, 630473
CMP, 630484
CC, 630486
CMP, 630492
CC, 630498
CMP, 630536
CC, 630540
CMP, 630589
CC, 630604
CMP, 630620
CC, 630622
CMP, 630630
CC, 630646
CMP, 630659
CC, 630934
CDR, 630948
CC, 630952
CMP, 630965
CC, 630970
CMP, 630975
CC, 630978
CC, 635035
CDR, 635047
CC, 635052
CDR, 635058
CC, 635186
CDR, 635199
CC, 635201
CDR, 635206
CC, 635214
LMP, 635223
CC, 635232
LMP, 635240
CC, 635241
CC, 637715
CMP, 637722
CC, 637725
CMP, 637740
CC, 637743
CMP, 637765
CC, 637775
CMP, 637786
CC, 637943
CC, 638650
CMP, 638654
CC, 638656
CMP, 638669
CDR, 639078
CC, 639082
CDR, 639089
CC, 639095
CDR, 639099
CC, 639112
CDR, 639144
CC, 639215
CDR, 639219
CC, 639220
CC, 639231
CDR, 639245
CC, 639278
CMP, 639284
CC, 639472
CC, 639493
LMP, 639500
CDR, 639702
CC, 639832
CDR, 639864
CMP, 640068
CC, 640077
CMP, 640090
CC, 640407
CDR, 640413
CC, 640416
CDR, 640429
CC, 640431
CDR, 640442
CC, 640443
CMP, 640522
CC, 640532
CDR, 640542
CC, 640583
CDR, 640588
CC, 640590
CDR, 640613
CC, 640628
CDR, 641217
CC, 641221
CDR, 641223
CC, 641230
CDR, 641234
CC, 641239
CC, 641858
CDR, 641871
CC, 641880
LMP, 641883
CC, 641888
CMP, 641889
CC, 641891
CMP, 643230
CC, 643235
CMP, 643239
CC, 643246
CMP, 643249
CC, 644211
CDR, 644215
CC, 644217
LMP, 644245
CC, 644250
LMP, 644276
CMP, 644286
CC, 644291
CMP, 644316
CC, 644321
CMP, 644330
CMP, 644396
CC, 644400
CC, 644416
CMP, 644429
CC, 644603
CC, 645045
SC, 645051
CC, 645111
LMP, 645128
CC, 645132
CC, 645291
CDR, 645317
CC, 645320
CMP, 645346
CC, 645350
CMP, 645373
SC, 648465
CC, 648497
LMP, 648510
CC, 648512
LMP, 648516
CC, 648522
CC, 648559
LMP, 648566
SC, 648579
CMP, 648599
SC, 648605
CMP, 648619
CC, 648630
CMP, 648635
CC, 648637
CC, 649282
CDR, 649288
CC, 649290
CDR, 649317
CC, 649341
CDR, 649367
CMP, 649387
CC, 649396
CC, 649404
CMP, 649412
CMP, 649416
CC, 649419
CDR, 649420
CC, 649425
CMP, 649999
CDR, 650216
CC, 650237
CDR, 650250
CC, 650256
CDR, 650260
CC, 650538
CDR, 650553
CC, 650555
CMP, 650556
CC, 650558
CMP, 653206
CC, 653215
CMP, 653222
CC, 653239
CMP, 653253
CC, 653255
CMP, 653260
CC, 653262
CMP, 653269
CC, 653272
CC, 653755
CMP, 653760
CC, 653765
CMP, 653773
CC, 653785
CMP, 653788
CC, 653795
CMP, 653796
CC, 653826
CMP, 653841
CC, 653850
CMP, 653857
CC, 653869
CMP, 653870
CC, 653876
CMP, 653884
CC, 653937
CMP, 653944
CC, 653947
CMP, 653952
CC, 653982
CMP, 653993
CC, 653996
CMP, 654016
CC, 654076
CMP, 654123
CC, 654126
CMP, 654201
CC, 654719
CMP, 654739
CC, 655062
CDR, 655243
CC, 655261
CDR, 655262
CC, 655263
CDR, 655268
CC, 655286
CC, 655427
CDR, 655444
CMP, 655451
LMP, 655453
CC, 655456
CC, 655476
CMP, 655484
CC, 655487
CC, 655679
CDR, 655689
CC, 655696
CDR, 682115
CC, 682119
CDR, 682123
CC, 682127
CDR, 682134
CC, 685147
CDR, 685152
CC, 685155
CDR, 685175
CC, 685176
CDR, 685185
CC, 685188
CDR, 685225
CC, 685230
CDR, 685348
CC, 685356
CDR, 685491
CDR, 685902
CC, 685912
CC, 685921
CDR, 685961
CC, 685966
CC, 686713
CDR, 686723
CC, 686729
CC, 686884
CDR, 686892
CC, 686897
CDR, 686929
CC, 686932
CC, 687031
CDR, 687038
CC, 687040
CMP, 687056
CC, 687057
CMP, 687061
CC, 687064
LMP, 687144
CC, 687155
LMP, 687158
CC, 687161
LMP, 687168
CC, 687496
LMP, 687501
CC, 687502
CMP, 687521
LMP, 687523
CC, 690211
LMP, 690222
CC, 690226
LMP, 690234
CC, 690237
LMP, 690526
CC, 690630
LMP, 690641
LMP, 690656
CC, 690658
LMP, 690670
CC, 690674
LMP, 690726
CC, 690768
LMP, 690778
CC, 690784
LMP, 690786
CMP, 691085
CC, 691093
CMP, 691184
CC, 691207
CMP, 694917
CC, 694923
CDR, 694934
CC, 694937
CC, 694948
CMP, 694951
CC, 694952
CMP, 694962
CC, 694965
CMP, 694973
CMP, 694983
CC, 694988
CMP, 694992
CMP, 695118
CC, 695130
CMP, 695135
CMP, 695137
CMP, 695139
CMP, 695140
CC, 695150
CMP, 695156
LMP, 695229
CC, 695240
LMP, 695249
CC, 695255
CDR, 695270
CC, 695287
CDR, 695293
CMP, 695298
CC, 695303
CC, 695771
CMP, 695777
CC, 695778
CMP, 695810
CC, 696308
CDR, 696311
CC, 696313
LMP, 696326
CC, 696328
LMP, 696337
CC, 696346
CC, 696682
CMP, 696686
CC, 696688
CC, 696693
CMP, 696702
CMP, 696708
LMP, 696806
CC, 696814
LMP, 696822
CC, 697030
CC, 697051
CC, 697268
CC, 697655
CDR, 697659
CC, 697660
CDR, 697667
CC, 697685
CC, 698333
CMP, 698343
CC, 698346
CC, 698526
CMP, 698529
CC, 698531
CMP, 698546
CC, 698550
CMP, 698553
CC, 698688
CMP, 698697
CC, 698704
CC, 698707
CC, 698708
LMP, 698713
CC, 699013
LMP, 699016
CC, 699017
LMP, 699028
CC, 699032
CC, 699115
LMP, 699118
CC, 699120
LMP, 699131
CC, 699145
LMP, 699152
CC, 699158
LMP, 699168
CC, 699199
LMP, 699207
CC, 699315
CMP, 699319
CC, 699396
LMP, 699401
CC, 699406
LMP, 699415
CC, 699417
LMP, 699460
CC, 699478
LMP, 699877
CC, 699879
LMP, 699883
CC, 699897
LMP, 699905
CC, 699907
CC, 700140
CDR, 700145
CC, 700151
CC, 700156
CDR, 700161
CC, 700162
CDR, 700169
CC, 700173
CC, 700200
CC, 700207
CMP, 700210
CMP, 700357
CC, 700368
LMP, 700379
CC, 700389
CMP, 700399
CC, 700404
CC, 700507
LMP, 700518
CC, 700522
CMP, 700625
CC, 700631
CC, 701334
CMP, 701339
CC, 701442
CDR, 701447
CMP, 701449
CC, 701452
CMP, 701454
LMP, 701680
CC, 701689
CMP, 701693
CC, 701705
LMP, 701707
CC, 701713
LMP, 701827
CC, 701839
LMP, 701844
LMP, 701864
CC, 701883
LMP, 701887
LMP, 701936
CC, 701941
CC, 702032
LMP, 702041
LMP, 702108
CC, 702114
CC, 702120
LMP, 702132
CC, 702142
CC, 702162
LMP, 702168
CC, 702181
CDR, 702186
CC, 702435
CC, 702457
CC, 702490
CC, 702548
CC, 702585
CC, 702678
CC, 702709
CC, 702724
CC, 702729
CC, 702742
CDR, 702751
CDR, 702773
HORNET, 702903
CDR, 702907
HORNET, 702919
CDR, 702924
HORNET, 702931
HORNET, 702939
HORNET, 702945
CDR, 702952
HORNET, 702960
SC, 702966
HORNET, 702979
CDR, 703004
HORNET, 703008
SWIM1, 703020
HORNET, 703033
SWIM1, 703039
CDR, 703044
HORNET, 703047
SWIM1, 703052
HORNET, 703062
SWIM1, 703068
CDR, 703074
SWIM1, 703076
SWIM1, 703098
CC, 942647
CDR, 4767452